day,observations,sensors,revenue,revenue_median,expense,expense_median,net_per_observation,net_per_observation_median,negative_share,weekday,month,revenue_rolling_7d,revenue_rolling_30d,expense_rolling_7d,expense_rolling_30d,net_per_observation_rolling_7d,net_per_observation_rolling_30d
2025-01-01,96,96,210.97645833333334,110.315,94.57791666666667,23.064999999999998,116.39854166666667,39.709999999999994,0.16666666666666666,Wednesday,2025-01,,,,,,
2025-01-02,96,96,195.33447916666668,80.095,83.389375,16.675,111.94510416666667,28.639999999999997,0.14583333333333334,Thursday,2025-01,,,,,,
2025-01-03,96,96,246.24395833333332,93.68,106.59677083333334,23.68,139.6471875,36.5,0.14583333333333334,Friday,2025-01,,,,,,
2025-01-04,96,96,238.87604166666665,86.66,91.1375,25.915,147.73854166666666,35.635000000000005,0.19791666666666666,Saturday,2025-01,,,,,,
2025-01-05,96,96,260.4242708333333,83.28,79.89218749999999,16.345,180.53208333333336,52.165000000000006,0.11458333333333333,Sunday,2025-01,,,,,,
2025-01-06,96,96,240.26447916666666,99.28999999999999,101.9715625,20.39,138.29291666666666,40.35499999999999,0.125,Monday,2025-01,,,,,,
2025-01-07,96,96,246.27729166666666,73.55,96.01114583333333,25.86,150.26614583333335,32.175,0.11458333333333333,Tuesday,2025-01,234.0567113095238,,93.36806547619048,,140.68864583333334,
2025-01-08,96,96,206.19354166666668,75.74000000000001,103.49125,24.105,102.70229166666667,28.405,0.1875,Wednesday,2025-01,233.3734375,,94.64139880952382,,138.7320386904762,
2025-01-09,96,96,224.11239583333335,70.64500000000001,80.7534375,16.975,143.35895833333333,26.700000000000003,0.16666666666666666,Thursday,2025-01,237.48456845238096,,94.26483630952382,,143.21973214285714,
2025-01-10,96,96,200.7669791666667,62.065,98.51333333333334,18.895,102.25364583333334,31.724999999999998,0.16666666666666666,Friday,2025-01,230.98785714285714,,93.11005952380954,,137.87779761904764,
2025-01-11,96,96,248.25739583333333,86.28,96.85625,26.85,151.40114583333335,43.265,0.11458333333333333,Saturday,2025-01,232.32805059523807,,93.9270238095238,,138.4010267857143,
2025-01-12,96,96,218.37666666666667,82.17500000000001,100.74260416666668,20.225,117.63406249999998,37.585,0.11458333333333333,Sunday,2025-01,226.32125,,96.90565476190477,,129.41559523809525,
2025-01-13,96,96,216.51802083333334,89.25999999999999,106.80864583333333,32.715,109.70937500000001,29.96500000000001,0.125,Monday,2025-01,222.92889880952384,,97.59666666666668,,125.33223214285714,
2025-01-14,96,96,230.24885416666666,98.765,93.56958333333334,18.490000000000002,136.67927083333333,44.745,0.09375,Tuesday,2025-01,220.63912202380953,,97.24787202380953,,123.39125,
2025-01-15,96,96,202.318125,77.075,87.340625,18.85,114.9775,28.990000000000006,0.14583333333333334,Wednesday,2025-01,220.08549107142858,,94.94063988095238,,125.14485119047619,
2025-01-16,96,96,234.62531249999998,75.65,96.72479166666666,18.36,137.90052083333333,31.34,0.16666666666666666,Thursday,2025-01,221.5873363095238,,97.22226190476191,,124.36507440476191,
2025-01-17,96,96,249.09697916666667,96.355,113.493125,27.275,135.60385416666665,34.169999999999995,0.14583333333333334,Friday,2025-01,228.4916220238095,,99.36223214285714,,129.12938988095237,
2025-01-18,96,96,251.9353125,113.64,73.32541666666667,22.765,178.60989583333333,68.11000000000001,0.07291666666666667,Saturday,2025-01,229.0170386904762,,96.00068452380954,,133.01635416666667,
2025-01-19,96,96,232.30406250000001,83.31,114.98791666666666,19.265,117.31614583333334,38.37000000000002,0.125,Sunday,2025-01,231.00666666666666,,98.03572916666667,,132.9709375,
2025-01-20,96,96,201.07781250000002,95.99000000000001,100.38375,24.665,100.69406249999999,29.770000000000003,0.11458333333333333,Monday,2025-01,228.8009226190476,,97.11788690476192,,131.68303571428572,
2025-01-21,96,96,235.71531249999998,99.145,103.14729166666666,19.91,132.56802083333332,46.02,0.14583333333333334,Tuesday,2025-01,229.5818452380952,,98.48613095238095,,131.0957142857143,
2025-01-22,96,96,193.70333333333335,100.685,107.38958333333333,23.78,86.31375000000001,31.695,0.20833333333333334,Wednesday,2025-01,228.3511607142857,,101.35026785714285,,127.00089285714284,
2025-01-23,96,96,200.09916666666666,59.82,94.17354166666667,17.365000000000002,105.92562500000001,29.835,0.19791666666666666,Thursday,2025-01,223.41885416666668,,100.98580357142858,,122.4330505952381,
2025-01-24,96,96,205.01395833333333,82.13499999999999,85.93052083333333,18.105,119.0834375,36.66,0.125,Friday,2025-01,217.1212797619048,,97.04828869047618,,120.07299107142856,
2025-01-25,96,96,226.86760416666667,88.1,95.41927083333333,22.085,131.44833333333332,41.95,0.13541666666666666,Saturday,2025-01,213.54017857142858,,100.20455357142858,,113.33562500000001,
2025-01-26,96,96,299.8396875,80.84,98.09958333333333,26.165,201.74010416666667,43.870000000000005,0.08333333333333333,Sunday,2025-01,223.18812499999999,,97.7919345238095,,125.39619047619047,
2025-01-27,96,96,227.99291666666667,85.85,96.0,27.095,131.99291666666667,31.155,0.19791666666666666,Monday,2025-01,227.0331398809524,,97.16568452380952,,129.86745535714286,
2025-01-28,96,96,194.62375,75.33500000000001,94.32052083333333,23.015,100.30322916666667,33.445,0.21875,Tuesday,2025-01,221.1629166666667,,95.90471726190476,,125.2581994047619,
2025-01-29,96,96,186.61239583333335,82.39,93.57083333333333,20.345,93.0415625,34.09,0.15625,Wednesday,2025-01,220.1499255952381,,93.93061011904761,,126.21931547619047,
2025-01-30,96,96,197.12427083333333,101.84,99.74885416666666,24.265,97.37541666666668,38.059999999999974,0.15625,Thursday,2025-01,219.7249404761905,224.06069444444444,94.72708333333333,96.27890625,124.99785714285714,127.78178819444445
2025-01-31,96,96,201.10187499999998,99.16,86.24343750000001,16.689999999999998,114.8584375,53.225,0.14583333333333334,Friday,2025-01,219.16607142857143,223.73154166666666,94.77178571428571,96.00109027777778,124.39428571428572,127.7304513888889
2025-02-01,96,96,252.46114583333335,103.11,103.69687499999999,24.955,148.7642708333333,37.41,0.19791666666666666,Saturday,2025-02,222.82229166666664,225.63576388888887,95.9543005952381,96.67800694444443,126.86799107142858,128.95775694444444
2025-02-02,96,96,266.253125,98.845,102.04260416666666,24.759999999999998,164.21052083333333,44.385000000000005,0.13541666666666666,Sunday,2025-02,218.02421130952385,226.30273611111113,96.5175892857143,96.5262013888889,121.50662202380951,129.77653472222224
2025-02-03,96,96,201.87291666666667,65.3,92.8621875,23.939999999999998,109.01072916666668,29.805,0.15625,Monday,2025-02,214.2927827380952,225.06929861111112,96.06933035714287,96.58369097222223,118.22345238095238,128.4856076388889
2025-02-04,96,96,243.12145833333332,101.67,92.66187500000001,26.31,150.4595833333333,42.085,0.14583333333333334,Tuesday,2025-02,221.22102678571426,224.49253819444445,95.83238095238096,97.00934722222222,125.38864583333331,127.48319097222222
2025-02-05,96,96,224.9908333333333,60.035,88.71572916666666,21.025,136.27510416666667,30.695000000000004,0.15625,Wednesday,2025-02,226.70366071428572,223.98341666666667,95.13879464285715,96.56748611111111,131.56486607142855,127.41593055555556
2025-02-06,96,96,240.70020833333334,109.99,106.57822916666667,25.595,134.12197916666665,34.019999999999996,0.13541666666666666,Thursday,2025-02,232.92879464285713,223.7975138888889,96.11441964285714,96.91972222222222,136.81437499999998,126.87779166666665
2025-02-07,96,96,239.32781250000002,105.97999999999999,96.43802083333333,25.945,142.88979166666667,61.47,0.10416666666666667,Friday,2025-02,238.3896428571429,224.90198958333335,97.57078869047619,96.68461458333333,140.81885416666665,128.217375
2025-02-08,96,96,246.56781249999997,106.795,99.835,24.235,146.7328125,60.78,0.15625,Saturday,2025-02,237.54773809523812,225.65050347222223,97.01909226190476,97.32066666666667,140.52864583333334,128.32983680555554
2025-02-09,96,96,271.4475,108.91499999999999,108.81302083333333,23.509999999999998,162.63447916666667,59.83,0.14583333333333334,Sunday,2025-02,238.28979166666667,228.00652083333335,97.98629464285715,97.66398958333333,140.3034970238095,130.34253125
2025-02-10,96,96,207.96843750000002,81.06,87.866875,19.355,120.1015625,31.685000000000002,0.19791666666666666,Monday,2025-02,239.16058035714286,226.66355555555555,97.27267857142856,97.36434375,141.8879017857143,129.29921180555556
2025-02-11,96,96,223.600625,70.46000000000001,81.99635416666666,18.215,141.60427083333335,34.790000000000006,0.11458333333333333,Tuesday,2025-02,236.37188988095235,226.8376875,95.74903273809524,96.73946875,140.62285714285716,130.09821875
2025-02-12,96,96,190.02,72.39,88.33947916666666,23.94,101.68052083333333,33.175,0.14583333333333334,Wednesday,2025-02,231.37605654761904,225.9544201388889,95.69528273809523,96.1238298611111,135.68077380952383,129.8305902777778
2025-02-13,96,96,257.7366666666667,89.82499999999999,86.09802083333334,22.525,171.63864583333336,44.19499999999999,0.125,Thursday,2025-02,233.80983630952383,226.87068055555557,92.76953869047618,95.87477777777778,141.0402976190476,130.9959027777778
2025-02-14,96,96,260.4114583333333,98.445,107.36979166666667,22.365000000000002,153.04166666666666,47.475,0.15625,Friday,2025-02,236.82178571428568,228.80712499999998,94.33122023809524,96.54241666666667,142.49056547619048,132.26470833333332
2025-02-15,96,96,278.76489583333336,96.6,100.395,23.715,178.36989583333335,44.78,0.10416666666666667,Saturday,2025-02,241.42136904761904,230.27844444444446,94.41122023809524,96.66475694444443,147.0101488095238,133.6136875
2025-02-16,96,96,267.1305208333333,125.46,90.63375,22.025,176.49677083333333,41.695000000000014,0.08333333333333333,Sunday,2025-02,240.80465773809524,230.8795625,91.81418154761903,95.90277777777777,148.9904761904762,134.97678472222222
2025-02-17,96,96,239.37354166666668,106.07,90.56958333333334,22.375,148.80395833333333,48.6,0.09375,Monday,2025-02,245.29110119047618,230.46083680555557,92.20028273809524,96.47758333333333,153.09081845238097,133.98325347222223
2025-02-18,96,96,238.44729166666664,91.08500000000001,85.2959375,21.945,153.15135416666666,43.0,0.11458333333333333,Tuesday,2025-02,247.41205357142857,230.6656111111111,92.67165178571429,95.48785069444445,154.74040178571428,135.17776041666667
2025-02-19,96,96,234.80916666666667,110.60499999999999,85.2053125,24.095,149.60385416666665,38.815,0.16666666666666666,Wednesday,2025-02,253.81050595238094,231.78998958333335,92.22391369047621,94.98190277777779,161.58659226190477,136.80808680555555
2025-02-20,96,96,229.63031249999997,123.82499999999999,90.62333333333333,26.259999999999998,139.00697916666667,49.855000000000004,0.125,Thursday,2025-02,249.7953125,231.58715625,92.8703869047619,94.5644375,156.9249255952381,137.02271875
2025-02-21,96,96,213.36822916666665,78.08,91.60895833333332,24.805,121.75927083333333,33.915000000000006,0.16666666666666666,Friday,2025-02,243.0748511904762,232.24265277777778,90.61883928571429,94.03841666666668,152.4560119047619,138.20423611111113
2025-02-22,96,96,232.29645833333333,82.725,104.12333333333333,20.575,128.173125,37.95,0.15625,Saturday,2025-02,236.43650297619047,233.31589583333334,91.15145833333334,94.37007638888889,145.28504464285714,138.94581944444445
2025-02-23,96,96,257.2815625,107.85,97.4653125,24.97,159.81625,44.515,0.125,Sunday,2025-02,235.02950892857143,235.05814930555556,92.12739583333334,94.75456944444444,142.9021130952381,140.30357986111113
2025-02-24,96,96,240.244375,91.255,95.71749999999999,25.68,144.526875,39.03,0.13541666666666666,Monday,2025-02,235.1539136904762,235.50404166666667,92.86281249999999,94.76451041666668,142.29110119047618,140.73953125
2025-02-25,96,96,219.20000000000002,55.795,95.71052083333335,14.29,123.48947916666667,33.225,0.1875,Tuesday,2025-02,232.40430059523808,232.81605208333335,94.35061011904762,94.68487499999999,138.05369047619047,138.1311770833333
2025-02-26,96,96,261.1095833333333,116.945,96.66927083333333,16.3,164.4403125,55.75,0.17708333333333334,Wednesday,2025-02,236.16150297619046,233.91994097222224,95.98831845238097,94.70718402777779,140.1731845238095,139.21275694444446
2025-02-27,96,96,248.68427083333333,119.87,96.78645833333333,27.615000000000002,151.89781250000001,39.975,0.16666666666666666,Thursday,2025-02,238.8834970238095,235.72195833333336,96.86876488095238,94.78938194444443,142.01473214285713,140.93257638888886
2025-02-28,96,96,253.07114583333336,80.15,90.01427083333334,23.015,163.05687500000002,40.974999999999994,0.13541666666666666,Friday,2025-02,244.55534226190477,237.93724999999998,96.64095238095238,94.67082986111112,147.91438988095237,143.2664201388889
2025-03-01,96,96,284.86802083333333,134.76,86.086875,29.049999999999997,198.78114583333334,52.260000000000005,0.14583333333333334,Saturday,2025-03,252.06556547619047,240.86204166666667,94.06431547619047,94.21543055555556,158.00125,146.64661111111113
2025-03-02,96,96,336.82677083333334,78.8,97.8665625,28.905,238.96020833333333,49.64,0.07291666666666667,Sunday,2025-03,263.4291666666667,245.3862048611111,94.1216369047619,94.60286805555556,169.3075297619048,150.78333680555554
2025-03-03,96,96,234.2408333333333,106.23,89.68239583333333,20.28,144.5584375,47.625,0.09375,Monday,2025-03,262.57151785714285,244.7788611111111,93.25947916666668,94.13571875000001,169.3120386904762,150.64314236111113
2025-03-04,96,96,254.34364583333334,136.825,93.64739583333333,23.715,160.69625,41.89999999999999,0.14583333333333334,Tuesday,2025-03,267.5920386904762,244.3818784722222,92.96474702380952,93.85587847222222,174.62729166666668,150.526
2025-03-05,96,96,223.87739583333334,81.55000000000001,98.43510416666668,23.34,125.44229166666666,35.625,0.13541666666666666,Wednesday,2025-03,262.2731547619047,245.1153611111111,93.21700892857143,94.04164236111112,169.05614583333335,151.07371874999998
2025-03-06,96,96,237.6834375,119.095,96.21625,18.29,141.4671875,50.629999999999995,0.125,Thursday,2025-03,260.70160714285714,244.93409375,93.1355505952381,94.16012152777779,167.566056547619,150.77397222222223
2025-03-07,96,96,258.37375000000003,66.19,92.45364583333333,35.585,165.92010416666668,32.394999999999996,0.1875,Friday,2025-03,261.4591220238095,246.0468576388889,93.48403273809524,94.28471875,167.9750892857143,151.7621388888889
2025-03-08,96,96,279.9825,105.515,96.663125,24.04,183.319375,48.24,0.09375,Saturday,2025-03,260.7611904761905,247.3562673611111,94.9949255952381,93.95421527777778,165.76626488095238,153.40205208333333
2025-03-09,96,96,323.51729166666667,166.625,102.31093750000001,22.424999999999997,221.20635416666667,115.38999999999999,0.11458333333333333,Sunday,2025-03,258.8598363095238,250.16258333333332,95.62983630952381,94.14997916666667,163.23,156.01260416666668
2025-03-10,96,96,238.98916666666665,124.29499999999999,96.53739583333333,17.93,142.45177083333334,32.095,0.1875,Monday,2025-03,259.53816964285716,249.90996180555558,96.60912202380952,94.04005902777777,162.92904761904762,155.8699027777778
2025-03-11,96,96,261.4342708333333,116.34,99.21354166666667,18.33,162.22072916666667,57.89999999999999,0.07291666666666667,Tuesday,2025-03,260.55111607142857,249.5761875,97.40428571428572,93.72007638888888,163.14683035714285,155.85611111111112
2025-03-12,96,96,269.91614583333336,137.925,89.29010416666667,18.770000000000003,180.62604166666665,54.29,0.10416666666666667,Wednesday,2025-03,267.1280803571429,251.6411111111111,96.09785714285714,93.7675173611111,171.0302232142857,157.87359375
2025-03-13,96,96,226.73729166666666,86.71,98.80822916666666,19.27,127.9290625,41.72,0.1875,Thursday,2025-03,265.56434523809526,251.74566666666666,96.46813988095239,94.32791319444443,169.09620535714288,157.41775347222222
2025-03-14,96,96,268.95385416666664,89.53,73.9121875,18.89,195.04166666666666,45.345,0.09375,Friday,2025-03,267.0757886904762,254.3767951388889,93.81936011904762,93.84700347222223,173.2564285714286,160.52979166666668
2025-03-15,96,96,289.8617708333333,114.64,95.50052083333333,21.47,194.36125,53.815,0.125,Saturday,2025-03,268.4871130952381,255.44763194444442,93.65327380952381,94.16042013888888,174.83383928571428,161.28721180555556
2025-03-16,96,96,273.10781249999997,117.395,87.34208333333333,22.205,185.76572916666666,59.974999999999994,0.125,Sunday,2025-03,261.2857589285714,255.87084375,91.51486607142856,93.49282986111112,169.77089285714285,162.3780138888889
2025-03-17,96,96,260.7602083333333,99.895,94.53135416666667,24.955,166.22885416666665,47.68,0.14583333333333334,Monday,2025-03,264.3959077380952,255.27068749999998,91.22828869047619,93.29737500000002,173.16761904761907,161.9733125
2025-03-18,96,96,242.6003125,82.74000000000001,97.85541666666667,29.275,144.74489583333335,38.94,0.16666666666666666,Tuesday,2025-03,261.7053422619048,254.45301388888888,91.03427083333334,93.53809722222222,170.67107142857142,160.91491666666667
2025-03-19,96,96,273.12375000000003,92.76,90.9528125,24.74,182.1709375,56.27499999999999,0.08333333333333333,Wednesday,2025-03,262.1635714285714,255.57802083333334,91.2718005952381,93.55087152777779,170.89177083333334,162.02714930555555
2025-03-20,96,96,252.17802083333333,90.305,104.89614583333334,26.665,147.28187499999999,31.62,0.1875,Thursday,2025-03,265.7979613095238,256.03571180555554,92.14150297619048,94.20421180555556,173.65645833333335,161.83149999999998
2025-03-21,96,96,268.469375,131.225,84.6359375,18.505,183.83343749999997,86.31,0.125,Friday,2025-03,265.72875,257.15771874999996,93.67346726190476,94.18523263888889,172.05528273809523,162.97248611111112
2025-03-22,96,96,336.67197916666663,141.66,94.78635416666667,26.645,241.885625,106.035,0.10416666666666667,Saturday,2025-03,272.4159226190476,260.72577430555555,93.57144345238096,94.32400000000001,178.84447916666664,166.40177430555556
2025-03-23,96,96,273.69145833333334,85.03,99.02208333333333,21.03,174.66937499999997,48.74,0.14583333333333334,Sunday,2025-03,272.4993005952381,262.7365486111111,95.24001488095239,94.57110416666666,177.25928571428568,168.16544444444443
2025-03-24,96,96,237.17958333333334,75.39500000000001,100.4871875,22.03,136.69239583333334,41.519999999999996,0.11458333333333333,Monday,2025-03,269.13063988095234,262.8993194444444,96.09084821428573,94.44989930555556,173.03979166666664,168.44942013888888
2025-03-25,96,96,270.5730208333333,125.61500000000001,86.07322916666668,23.87,184.49979166666665,57.84,0.13541666666666666,Tuesday,2025-03,273.12674107142857,263.34236805555554,94.40767857142858,94.07016319444445,178.7190625,169.2722048611111
2025-03-26,96,96,251.4440625,97.825,108.67541666666666,20.189999999999998,142.76864583333332,46.285,0.14583333333333334,Wednesday,2025-03,270.02964285714285,263.7156909722222,96.93947916666666,94.50209375,173.09016369047617,169.21359722222223
2025-03-27,96,96,285.9447916666667,117.315,94.3053125,18.65,191.63947916666666,56.14,0.11458333333333333,Thursday,2025-03,274.85346726190477,265.9405173611111,95.42650297619048,94.45525347222222,179.4269642857143,171.48526388888888
2025-03-28,96,96,329.4160416666667,151.855,99.01479166666667,24.925,230.40125,88.66999999999999,0.07291666666666667,Friday,2025-03,283.5601339285714,268.21739930555555,97.48062500000002,94.53343749999999,186.0795089285714,173.68396180555555
2025-03-29,96,96,291.67104166666667,65.88,90.77854166666667,19.92,200.8925,45.525,0.1875,Saturday,2025-03,277.13142857142856,269.65029166666665,96.90808035714285,94.33317361111112,180.22334821428572,175.31711805555557
2025-03-30,96,96,286.49062499999997,114.35,98.4221875,27.245,188.0684375,50.425,0.125,Sunday,2025-03,278.95988095238096,270.76427430555555,96.82238095238095,94.6134375,182.13750000000002,176.15083680555557
2025-03-31,96,96,287.0184375,79.03,84.22385416666667,19.384999999999998,202.79458333333332,60.0,0.052083333333333336,Monday,2025-03,286.07971726190476,270.83595486111113,94.49904761904762,94.55133680555555,191.58066964285715,176.28461805555557
2025-04-01,96,96,284.918125,131.39999999999998,62.71635416666666,18.545,222.2017708333333,94.11999999999999,0.08333333333333333,Tuesday,2025-04,288.12901785714286,269.10566666666665,91.1623511904762,93.37966319444445,196.96666666666667,175.72600347222223
2025-04-02,96,96,273.62854166666665,118.965,105.7503125,21.25,167.87822916666667,46.32000000000001,0.17708333333333334,Wednesday,2025-04,291.29822916666666,270.4185902777778,90.74447916666668,93.91526041666665,200.55375,176.5033298611111
2025-04-03,96,96,242.27625,101.595,95.88937499999999,30.1,146.386875,40.78,0.15625,Thursday,2025-04,285.05986607142853,270.01634375,90.97077380952382,93.98999305555556,194.08909226190477,176.02635069444443
2025-04-04,96,96,291.91729166666664,107.78999999999999,96.53458333333333,23.03,195.3827083333333,46.519999999999996,0.13541666666666666,Friday,2025-04,279.7029017857143,272.2843402777778,90.61645833333334,93.9266423611111,189.08644345238093,178.35769791666664
2025-04-05,96,96,346.0644791666667,107.095,89.3990625,22.97,256.66541666666666,52.544999999999995,0.11458333333333333,Saturday,2025-04,287.47339285714287,275.8970416666667,90.4193898809524,93.69940277777778,197.05400297619047,182.19763888888886
2025-04-06,96,96,352.3535416666667,145.66,80.25395833333333,22.915,272.0995833333333,81.815,0.07291666666666667,Sunday,2025-04,296.88238095238097,279.02970138888884,87.82392857142857,93.29274652777778,209.05845238095236,185.7369548611111
2025-04-07,96,96,241.46395833333335,93.03,93.07989583333334,11.95,148.3840625,43.665,0.15625,Monday,2025-04,290.37459821428575,277.74575,89.08907738095238,93.17330555555556,201.28552083333332,184.57244444444444
2025-04-08,96,96,265.10260416666665,104.73,94.7921875,18.53,170.31041666666667,39.86,0.13541666666666666,Tuesday,2025-04,287.5438095238095,275.79859375,93.6713392857143,92.92268055555556,193.87247023809525,182.87591319444442
2025-04-09,96,96,297.80635416666667,89.86500000000001,98.5346875,27.33,199.27166666666668,48.305,0.125,Wednesday,2025-04,290.9977827380952,277.75916666666666,92.64053571428573,92.98925694444443,198.35724702380952,184.7699097222222
2025-04-10,96,96,269.16479166666664,115.83,105.76770833333335,24.085,163.3970833333333,47.91,0.125,Thursday,2025-04,294.83900297619044,278.01685069444443,94.05172619047619,93.20772916666667,200.78727678571428,184.80912152777776
2025-04-11,96,96,294.6396875,140.775,78.66947916666666,21.490000000000002,215.97020833333332,107.455,0.19791666666666666,Friday,2025-04,295.22791666666666,278.84096875,91.49956845238094,92.85370833333333,203.72834821428572,185.98726041666666
2025-04-12,96,96,291.67479166666664,140.48000000000002,83.82677083333333,26.439999999999998,207.84802083333332,65.14500000000001,0.11458333333333333,Saturday,2025-04,287.4579613095238,281.00555208333327,90.70352678571427,92.3543263888889,196.75443452380952,188.65122569444443
2025-04-13,96,96,319.0541666666667,167.875,88.53708333333333,21.98,230.51708333333332,100.875,0.07291666666666667,Sunday,2025-04,282.7009077380952,282.67556249999996,91.88683035714287,92.84182291666666,190.81407738095237,189.8337395833333
2025-04-14,96,96,291.77947916666665,94.43,105.59218750000001,26.805,186.18729166666665,40.275000000000006,0.16666666666666666,Monday,2025-04,289.88883928571425,282.73948611111115,93.67430059523811,93.17821180555556,196.2145386904762,189.56127430555551
2025-04-15,96,96,264.6066666666666,102.08000000000001,95.16614583333335,25.14,169.44052083333332,48.385000000000005,0.15625,Tuesday,2025-04,289.81799107142854,282.4561145833333,93.7277232142857,93.4390138888889,196.09026785714286,189.01710069444442
2025-04-16,96,96,295.24895833333335,102.705,71.00927083333333,14.265,224.23968749999997,60.27500000000002,0.125,Wednesday,2025-04,289.4526488095238,283.60573958333333,89.79552083333336,92.65494444444444,199.65712797619045,190.95079513888888
2025-04-17,96,96,293.7395833333333,151.94,75.5909375,21.979999999999997,218.14864583333335,99.555,0.0625,Thursday,2025-04,292.9633333333333,285.3103819444444,85.48455357142858,91.9127951388889,207.47877976190475,193.39758680555553
2025-04-18,96,96,274.5004166666667,103.425,83.79916666666666,24.245,190.70125,49.72,0.125,Friday,2025-04,290.0862946428571,285.3562708333333,86.21736607142859,91.67434027777777,203.86892857142857,193.68193055555554
2025-04-19,96,96,309.7634375,143.83999999999997,89.4403125,18.055,220.323125,77.88,0.07291666666666667,Saturday,2025-04,292.6703869047619,287.27578472222217,87.0193005952381,91.15914583333333,205.6510863095238,196.11663888888887
2025-04-20,96,96,337.54625,123.515,83.9,26.985,253.64625,94.91,0.08333333333333333,Sunday,2025-04,295.3121130952381,289.5783472222222,86.35686011904762,91.13461458333333,208.95525297619045,198.44373263888886
2025-04-21,96,96,270.08020833333336,133.42000000000002,80.05010416666666,16.865000000000002,190.03010416666666,53.485,0.11458333333333333,Monday,2025-04,292.21221726190475,287.35862152777776,82.70799107142857,90.64340625,209.50422619047617,196.71521527777776
2025-04-22,96,96,254.35458333333335,131.61,87.12041666666666,21.22,167.23416666666665,79.82,0.07291666666666667,Tuesday,2025-04,290.7476339285715,286.71405902777775,81.5586011904762,90.24668402777777,209.18903273809522,196.467375
2025-04-23,96,96,286.1540625,128.345,91.39708333333333,19.9,194.7569791666667,48.385,0.09375,Wednesday,2025-04,289.4483630952381,288.34654166666667,84.47114583333334,89.94368055555556,204.97721726190477,198.40286111111112
2025-04-24,96,96,347.1276041666667,107.985,98.2275,23.825000000000003,248.90010416666667,74.115,0.11458333333333333,Thursday,2025-04,297.07522321428576,290.8983611111111,87.70494047619047,90.34882291666666,209.37028273809526,200.54953819444444
2025-04-25,96,96,217.33322916666668,97.15,79.74510416666666,19.29,137.588125,46.42,0.11458333333333333,Friday,2025-04,288.90848214285717,289.7613333333333,87.12578869047618,89.38447916666668,201.78269345238095,200.37685416666667
2025-04-26,96,96,334.27229166666666,155.59,86.37656249999999,21.325,247.89572916666665,73.69500000000001,0.0625,Saturday,2025-04,292.40974702380953,291.37225,86.68811011904761,89.1201875,205.7216369047619,202.2520625
2025-04-27,96,96,348.0690625,132.91,86.33239583333334,25.025,261.7366666666666,75.635,0.07291666666666667,Sunday,2025-04,293.91300595238096,291.9940173611111,87.03559523809524,88.69744097222222,206.87741071428573,203.29657638888887
2025-04-28,96,96,268.66562500000003,113.35,91.67854166666666,18.705,176.98708333333332,66.45,0.13541666666666666,Monday,2025-04,293.71092261904766,291.2271701388889,88.6968005952381,88.72744097222221,205.0141220238095,202.49972916666667
2025-04-29,96,96,300.7678125,110.12,86.623125,29.575000000000003,214.1446875,64.485,0.08333333333333333,Tuesday,2025-04,300.3413839285714,291.70307638888886,88.62575892857144,88.33413888888889,211.71562500000002,203.3689375
2025-04-30,96,96,295.080625,160.5,83.17031250000001,25.06,211.9103125,92.615,0.08333333333333333,Wednesday,2025-04,301.61660714285716,291.97181597222226,87.45050595238095,88.29902083333333,214.16610119047618,203.67279513888886
2025-05-01,96,96,318.9713541666667,148.17000000000002,95.94760416666666,32.34,223.02374999999998,83.11,0.125,Thursday,2025-05,297.5942857142857,293.1069236111111,87.12480654761906,89.40672916666666,210.46947916666664,203.70019444444443
2025-05-02,96,96,306.4040625,132.10500000000002,86.546875,18.28,219.8571875,68.05999999999999,0.08333333333333333,Friday,2025-05,310.31869047619045,294.1994409722222,88.0964880952381,88.76661458333334,222.22220238095238,205.43282638888886
2025-05-03,96,96,342.0308333333333,137.225,86.86989583333333,19.535,255.16093750000002,102.425,0.041666666666666664,Saturday,2025-05,311.4270535714286,297.52459375000007,88.16696428571429,88.46596527777777,223.26008928571426,209.0586284722222
2025-05-04,96,96,357.3971875,146.07999999999998,99.33885416666668,23.775,258.05833333333334,82.285,0.07291666666666667,Sunday,2025-05,312.75964285714286,299.70725694444445,90.02502976190478,88.55944097222223,222.73461309523807,211.14781597222225
2025-05-05,96,96,324.45989583333335,130.195,90.685625,19.0,233.77427083333336,58.28999999999999,0.125,Monday,2025-05,320.73025297619046,298.98710416666665,89.88318452380952,88.6023263888889,230.84706845238097,210.38477777777777
2025-05-06,96,96,290.52447916666665,131.875,83.0390625,29.495,207.48541666666665,58.620000000000005,0.11458333333333333,Tuesday,2025-05,319.2669196428572,296.9261354166666,89.3711755952381,88.69516319444445,229.89574404761905,208.23097222222222
2025-05-07,96,96,275.10802083333334,110.41,102.54854166666667,29.42,172.55947916666665,39.394999999999996,0.14583333333333334,Wednesday,2025-05,316.4136904761905,298.04760416666664,92.13949404761904,89.01078472222223,224.27419642857143,209.03681944444443
2025-05-08,96,96,310.4165625,160.575,83.2075,17.12,227.2090625,120.985,0.10416666666666667,Thursday,2025-05,315.19157738095237,299.5580694444444,90.31947916666665,88.62462847222223,224.8720982142857,210.93344097222223
2025-05-09,96,96,334.4092708333333,147.72500000000002,77.68083333333333,20.009999999999998,256.7284375,112.49499999999999,0.13541666666666666,Friday,2025-05,319.19232142857146,300.7781666666667,89.05290178571428,87.9295,230.13941964285712,212.84866666666667
2025-05-10,96,96,382.19041666666664,149.26999999999998,82.2584375,20.759999999999998,299.9319791666667,92.045,0.07291666666666667,Saturday,2025-05,324.9294047619047,304.5456875,88.39412202380952,87.1458576388889,236.53528273809525,217.3998298611111
2025-05-11,96,96,374.68427083333336,193.26999999999998,102.64,19.6,272.0442708333333,94.47999999999999,0.08333333333333333,Sunday,2025-05,327.3989880952381,307.2138402777778,88.86571428571428,87.944875,238.5332738095238,219.26896527777777
2025-05-12,96,96,276.5648958333333,95.97,94.186875,19.3,182.37802083333335,48.47999999999999,0.08333333333333333,Monday,2025-05,320.55684523809526,306.71017708333335,89.36589285714285,88.29021180555556,231.19095238095238,218.41996527777778
2025-05-13,96,96,272.3148958333333,93.645,93.40052083333335,25.705,178.91437499999998,45.78,0.125,Tuesday,2025-05,317.9554761904762,305.1522013888889,90.84610119047618,88.45232638888888,227.10937499999997,216.699875
2025-05-14,96,96,250.95166666666668,102.50999999999999,90.13989583333334,27.205,160.81177083333333,50.16499999999999,0.13541666666666666,Wednesday,2025-05,314.50456845238097,303.7912743055556,89.0734375,87.93724999999999,225.43113095238095,215.85402430555555
2025-05-15,96,96,311.7289583333333,122.64,104.54177083333333,19.87,207.18718750000002,54.94499999999999,0.14583333333333334,Thursday,2025-05,314.6920535714286,305.3620173611111,92.12119047619048,88.24977083333333,222.57086309523808,217.11224652777776
2025-05-16,96,96,294.3990625,121.86000000000001,86.64416666666666,13.25,207.75489583333334,82.24000000000001,0.11458333333333333,Friday,2025-05,308.9763095238095,305.33368749999994,93.40166666666667,88.77093402777777,215.57464285714286,216.5627534722222
2025-05-17,96,96,349.4453125,200.84,112.74802083333333,24.625,236.69729166666664,115.11,0.0625,Saturday,2025-05,304.29843750000003,307.1905451388889,97.75732142857143,90.00950347222222,206.54111607142858,217.18104166666666
2025-05-18,96,96,326.04020833333334,136.60500000000002,89.72958333333334,25.725,236.310625,72.855,0.125,Sunday,2025-05,297.34928571428566,308.9085381944444,95.9129761904762,90.20718402777779,201.43630952380954,218.70135416666665
2025-05-19,96,96,287.05802083333333,136.63,93.92843749999999,29.0,193.12958333333333,86.065,0.125,Monday,2025-05,298.8483035714286,308.15169097222224,95.87605654761906,90.35678819444443,202.9722470238095,217.79490277777776
2025-05-20,96,96,301.78291666666667,145.07999999999998,88.10197916666668,19.26,213.6809375,71.95,0.07291666666666667,Tuesday,2025-05,303.0580208333334,306.95957986111114,95.11912202380951,90.49685416666667,207.9388988095238,216.46272569444446
2025-05-21,96,96,310.7160416666667,123.38,103.625625,23.71,207.09041666666667,50.91,0.14583333333333334,Wednesday,2025-05,311.5957886904762,308.3141076388889,97.04565476190476,91.28270486111111,214.5501339285714,217.03140277777777
2025-05-22,96,96,256.8357291666667,119.93,85.48593749999999,19.665,171.34979166666668,46.85,0.16666666666666666,Thursday,2025-05,303.75389880952383,308.3968125,94.32339285714285,91.22822222222223,209.43050595238097,217.16859027777778
2025-05-23,96,96,339.4002083333333,108.655,102.2428125,24.064999999999998,237.15739583333334,72.6,0.11458333333333333,Friday,2025-05,310.1826339285714,310.17168402777776,96.55177083333332,91.58974652777778,213.63086309523808,218.58193749999998
2025-05-24,96,96,346.93062499999996,95.58500000000001,96.55583333333334,27.83,250.37479166666665,60.795,0.08333333333333333,Saturday,2025-05,309.8233928571429,310.1651180555555,94.23860119047619,91.53402430555555,215.58479166666666,218.63109375000002
2025-05-25,96,96,336.66270833333334,192.88,93.34375,28.905,243.3189583333333,83.87999999999998,0.08333333333333333,Sunday,2025-05,311.3408928571429,314.1427673611111,94.75491071428571,91.98731249999999,216.58598214285712,222.1554548611111
2025-05-26,96,96,294.72791666666666,137.21499999999997,94.02385416666668,28.869999999999997,200.7040625,70.00499999999998,0.08333333333333333,Monday,2025-05,312.43659226190476,312.82462152777777,94.76854166666668,92.24222222222221,217.66805059523807,220.58239930555555
2025-05-27,96,96,304.8545833333333,129.75,97.41562499999999,19.79,207.43895833333332,81.98500000000001,0.17708333333333334,Tuesday,2025-05,312.87540178571425,311.38413888888886,96.09906250000002,92.61166319444445,216.7763392857143,218.77247569444444
2025-05-28,96,96,313.9819791666667,121.045,89.778125,25.48,224.20385416666667,83.03,0.08333333333333333,Wednesday,2025-05,313.3419642857143,312.89468402777777,94.12084821428572,92.54831597222223,219.22111607142855,220.34636805555556
2025-05-29,96,96,295.88156250000003,132.835,80.17395833333333,25.93,215.70760416666667,65.36500000000001,0.09375,Thursday,2025-05,318.91994047619045,312.7318090277778,93.36199404761906,92.33334375000001,225.5579464285714,220.39846527777775
2025-05-30,96,96,291.54395833333336,135.34500000000003,90.6146875,27.595,200.92927083333333,68.75999999999999,0.11458333333333333,Friday,2025-05,312.0833333333333,312.61392013888883,91.70083333333334,92.58148958333335,220.3825,220.03243055555555
2025-05-31,96,96,341.17114583333336,131.685,109.48385416666667,20.314999999999998,231.68729166666665,72.485,0.09375,Saturday,2025-05,311.26055059523804,313.35391319444443,93.54769345238095,93.03269791666666,217.71285714285713,220.32121527777778
2025-06-01,96,96,351.6915625,166.345,107.15083333333332,23.955,244.54072916666667,62.03,0.10416666666666667,Sunday,2025-06,313.40752976190475,314.8634965277778,95.52013392857144,93.71949652777779,217.88739583333333,221.14400000000003
2025-06-02,96,96,293.4120833333333,146.815,102.82968749999999,20.869999999999997,190.58239583333332,79.93,0.08333333333333333,Monday,2025-06,313.21955357142855,313.2428715277777,96.77811011904761,94.25148958333334,216.44144345238095,218.99138194444444
2025-06-03,96,96,288.06968750000004,124.095,99.14572916666667,23.35,188.92395833333333,49.275,0.10416666666666667,Tuesday,2025-06,310.82171130952383,310.93195486111114,97.02526785714285,94.24505208333333,213.79644345238097,216.68690277777776
2025-06-04,96,96,320.69083333333333,144.905,81.66822916666666,24.939999999999998,239.02260416666664,71.99000000000001,0.125,Wednesday,2025-06,311.78011904761905,310.80631944444445,95.86671130952381,93.94447222222222,215.91340773809523,216.86184722222225
2025-06-05,96,96,332.21729166666665,114.71000000000001,85.48114583333334,22.560000000000002,246.73614583333332,54.515,0.08333333333333333,Thursday,2025-06,316.97093750000005,312.1960798611111,96.62488095238096,94.025875,220.34605654761907,218.17020486111107
2025-06-06,96,96,273.4795833333333,84.43,77.8428125,24.275,195.63677083333334,51.28,0.15625,Friday,2025-06,314.3903125,312.14179861111114,94.80032738095238,93.20235069444445,219.5899851190476,218.93944791666667
2025-06-07,96,96,415.6253125,175.45,95.84083333333332,18.41,319.7844791666667,133.725,0.07291666666666667,Saturday,2025-06,325.0266220238095,315.6487569444444,92.85132440476191,93.62346180555555,232.1752976190476,222.02529513888888
2025-06-08,96,96,362.1197916666667,165.115,97.35718750000001,23.49,264.7626041666667,81.05999999999999,0.020833333333333332,Sunday,2025-06,326.5163690476191,316.57244097222224,91.45223214285714,94.27934027777778,235.0641369047619,222.29310069444446
2025-06-09,96,96,330.09447916666664,100.115,98.19895833333334,25.005,231.89552083333334,52.55499999999999,0.11458333333333333,Monday,2025-06,331.7567113095238,314.8359097222222,90.7906994047619,94.8106909722222,240.9660119047619,220.02521875
2025-06-10,96,96,262.68302083333333,102.53,107.37083333333334,19.655,155.31218750000002,50.68000000000001,0.15625,Tuesday,2025-06,328.1300446428572,311.10253472222223,91.96571428571428,94.96838541666666,236.16433035714286,216.13414930555558
2025-06-11,96,96,338.39458333333334,160.16,100.3121875,25.055,238.08239583333332,115.86999999999999,0.07291666666666667,Wednesday,2025-06,330.65915178571424,313.16352430555554,94.6291369047619,95.1725625,236.0300148809524,217.99096180555554
2025-06-12,96,96,320.26708333333335,146.01,97.12395833333333,33.0,223.14312499999997,50.44,0.13541666666666666,Thursday,2025-06,328.95197916666666,314.7619305555556,96.29239583333333,95.29667708333334,232.65958333333333,219.4652534722222
2025-06-13,96,96,306.7921875,126.225,97.74895833333333,15.19,209.0432291666667,49.07,0.125,Friday,2025-06,333.71092261904766,316.62328125,99.13613095238095,95.5503125,234.57479166666667,221.07296875
2025-06-14,96,96,366.26489583333336,162.4,94.97177083333334,26.25,271.293125,97.73500000000001,0.0625,Saturday,2025-06,326.6594345238095,318.44114583333334,99.01197916666668,95.2313125,227.64745535714286,223.20983333333334
2025-06-15,96,96,373.7167708333333,188.385,91.87447916666667,25.07,281.84229166666665,110.19000000000001,0.052083333333333336,Sunday,2025-06,328.31614583333334,321.08506944444446,98.22873511904763,95.40565625,230.0874107142857,225.67941319444444
2025-06-16,96,96,266.80864583333334,121.80000000000001,110.05593749999998,21.3,156.75270833333335,50.665000000000006,0.17708333333333334,Monday,2025-06,319.2753125,318.3305138888889,99.92258928571428,95.31592013888888,219.3527232142857,223.01459375000002
2025-06-17,96,96,384.5429166666667,178.305,88.75885416666667,24.53,295.7840625,103.91499999999999,0.07291666666666667,Tuesday,2025-06,336.6838690476191,320.28060416666665,97.26373511904761,95.2835625,239.42013392857143,224.99704166666666
2025-06-18,96,96,299.47083333333336,126.025,95.33989583333333,25.119999999999997,204.1309375,50.465,0.15625,Wednesday,2025-06,331.1233333333334,320.6943645833333,96.55340773809523,95.33061111111111,234.56992559523812,225.36375347222221
2025-06-19,96,96,324.1254166666667,145.29,96.3253125,30.159999999999997,227.80010416666667,57.145,0.11458333333333333,Thursday,2025-06,331.6745238095238,321.4391145833333,96.43931547619047,95.60472222222224,235.23520833333333,225.8343923611111
2025-06-20,96,96,291.8417708333333,120.61,98.72291666666666,21.205,193.11885416666667,57.66499999999998,0.11458333333333333,Friday,2025-06,329.53875000000005,320.8099722222222,96.57845238095238,95.44129861111111,232.96029761904762,225.36867361111112
2025-06-21,96,96,352.27197916666665,161.07,99.73604166666667,24.384999999999998,252.53593750000002,123.06500000000001,0.10416666666666667,Saturday,2025-06,327.539761904762,323.9911805555556,97.2590625,95.91630208333332,230.28069940476192,228.07487847222222
2025-06-22,96,96,335.54979166666664,114.43,80.61927083333333,20.11,254.93052083333336,89.555,0.07291666666666667,Sunday,2025-06,322.08733630952383,323.86283333333336,95.65117559523809,95.19551736111111,226.4361607142857,228.66731597222224
2025-06-23,96,96,294.30541666666664,127.905,91.10322916666667,23.73,203.2021875,67.29500000000002,0.09375,Monday,2025-06,326.01544642857147,322.1086597222222,92.94364583333333,95.01376388888889,233.0718005952381,227.09489583333334
2025-06-24,96,96,343.95625,165.625,119.2334375,25.045,224.7228125,117.94,0.09375,Tuesday,2025-06,320.21735119047617,322.3517777777778,97.29715773809525,95.87675347222222,222.92019345238097,226.47502430555554
2025-06-25,96,96,323.8066666666667,68.21000000000001,106.37947916666667,25.45,217.42718749999997,38.815,0.14583333333333334,Wednesday,2025-06,323.69389880952383,323.32106944444445,98.87424107142859,96.28860763888889,224.81965773809523,227.03246180555556
2025-06-26,96,96,334.19625,122.99000000000001,84.18166666666666,26.5,250.01458333333335,78.5,0.08333333333333333,Thursday,2025-06,325.1325892857143,324.29912500000006,97.13943452380953,95.84747569444444,227.99315476190478,228.45164930555558
2025-06-27,96,96,348.89302083333337,117.435,90.598125,16.75,258.2948958333333,68.26499999999999,0.09375,Friday,2025-06,333.28276785714286,325.4628263888889,95.97874999999999,95.87480902777777,237.3040178571429,229.5880173611111
2025-06-28,96,96,350.6723958333334,128.095,87.46739583333334,27.345,263.205,70.53,0.14583333333333334,Saturday,2025-06,333.05425595238097,327.28918749999997,94.22608630952381,96.11792361111112,238.82816964285715,231.1712638888889
2025-06-29,96,96,364.34468749999996,140.355,87.34666666666668,20.015,276.9980208333333,71.79499999999999,0.07291666666666667,Sunday,2025-06,337.16781249999997,329.71587847222224,95.18714285714285,96.00898958333332,241.98066964285712,233.7068888888889
2025-06-30,96,96,312.32677083333334,115.815,102.18979166666666,16.735,210.1369791666667,68.65,0.10416666666666667,Monday,2025-06,339.74229166666674,328.7543993055555,96.77093749999999,95.76585416666667,242.97135416666669,232.9885451388889
2025-07-01,96,96,340.8547916666667,124.32,92.69656250000001,24.905,248.15822916666664,90.76499999999999,0.10416666666666667,Tuesday,2025-07,339.2992261904762,328.3931736111111,92.97995535714286,95.28404513888889,246.31927083333332,233.10912847222218
2025-07-02,96,96,296.53489583333334,101.685,106.83229166666666,19.035,189.70260416666667,45.84,0.11458333333333333,Wednesday,2025-07,335.4032589285715,328.49726736111114,93.04464285714286,95.41746527777778,242.35861607142857,233.0798020833333
2025-07-03,96,96,298.13906249999997,116.105,81.15375,14.59,216.9853125,53.97,0.10416666666666667,Thursday,2025-07,330.25223214285717,328.8329131944445,92.61208333333333,94.81773263888888,237.64014880952382,234.01518055555556
2025-07-04,96,96,315.58,91.61500000000001,97.80197916666667,18.545,217.77802083333333,49.114999999999995,0.125,Friday,2025-07,325.4932291666667,328.66255208333337,93.64120535714287,95.35552430555555,231.8520238095238,233.30702777777776
2025-07-05,96,96,376.909375,120.765,97.7084375,29.94,279.2009375,74.005,0.08333333333333333,Saturday,2025-07,329.24136904761906,330.15228819444445,95.10421130952382,95.76310069444443,234.13715773809523,234.38918750000002
2025-07-06,96,96,357.9103125,156.08,89.49229166666667,22.255000000000003,268.41802083333334,118.185,0.0625,Sunday,2025-07,328.32217261904765,332.9666458333333,95.41072916666667,96.15141666666666,232.91144345238098,236.81522916666665
2025-07-07,96,96,328.9982291666667,108.495,100.36302083333334,31.825,228.63520833333334,83.505,0.13541666666666666,Monday,2025-07,330.7038095238095,330.07907638888895,95.14976190476192,96.30215625000001,235.55404761904762,233.77692013888887
2025-07-08,96,96,306.29072916666667,161.665,94.84166666666665,16.965,211.4490625,74.33,0.13541666666666666,Tuesday,2025-07,325.7660863095238,328.21810763888885,95.45620535714286,96.21830555555556,230.30988095238095,231.99980208333332
2025-07-09,96,96,305.0022916666667,123.24000000000001,108.86083333333333,25.47,196.14145833333336,72.16499999999999,0.08333333333333333,Wednesday,2025-07,326.9757142857143,327.3817013888889,95.74599702380952,96.57370138888889,231.22971726190477,230.808
2025-07-10,96,96,284.7065625,153.765,123.24489583333333,22.25,161.46166666666667,52.695,0.16666666666666666,Thursday,2025-07,325.0567857142857,328.1158194444444,101.75901785714287,97.10283680555557,223.29776785714284,231.01298263888887
2025-07-11,96,96,329.3022916666667,146.345,96.74385416666667,25.009999999999998,232.5584375,84.235,0.08333333333333333,Friday,2025-07,327.0171130952381,327.8127430555556,101.60785714285714,96.98389236111112,225.40925595238096,230.82885069444444
2025-07-12,96,96,328.73104166666667,122.29500000000002,78.31489583333332,25.56,250.41614583333333,60.985,0.13541666666666666,Saturday,2025-07,320.13449404761906,328.09487499999994,98.83735119047618,96.35692361111111,221.29714285714286,231.73795138888892
2025-07-13,96,96,317.28697916666664,125.25,105.4740625,31.035,211.81291666666667,60.78000000000001,0.14583333333333334,Sunday,2025-07,314.3311607142858,328.44470138888886,101.12046130952379,96.61442708333333,213.21069940476193,231.83027430555558
2025-07-14,96,96,260.5046875,100.325,90.00791666666667,25.025,170.49677083333333,53.545,0.11458333333333333,Monday,2025-07,304.54636904761907,324.91936111111113,99.6411607142857,96.44896527777777,204.90520833333332,228.47039583333336
2025-07-15,96,96,268.79239583333333,104.88999999999999,91.80708333333332,17.805,176.9853125,52.400000000000006,0.13541666666666666,Tuesday,2025-07,299.1894642857143,321.4218819444444,99.2076488095238,96.44671874999999,199.98181547619052,224.97516319444446
2025-07-16,96,96,306.05343750000003,137.87,104.50833333333334,21.64,201.54510416666668,91.575,0.08333333333333333,Wednesday,2025-07,299.3396279761905,322.7300416666667,98.5858630952381,96.26179861111112,200.75376488095236,226.46824305555555
2025-07-17,96,96,360.2952083333334,161.8,102.32520833333332,20.104999999999997,257.96999999999997,122.185,0.07291666666666667,Thursday,2025-07,310.138005952381,321.92178472222224,95.59733630952381,96.71401041666667,214.54066964285715,225.20777430555555
2025-07-18,96,96,308.78020833333335,88.145,93.92729166666668,22.045,214.8529166666667,52.665,0.09375,Friday,2025-07,307.20627976190474,322.23209722222225,95.19497023809524,96.6669236111111,212.01130952380953,225.5651736111111
2025-07-19,96,96,312.71385416666664,130.39,85.31354166666667,22.395,227.4003125,60.31,0.14583333333333334,Saturday,2025-07,304.9181101190476,321.8517118055555,96.19477678571427,96.29986458333333,208.72333333333333,225.55184722222222
2025-07-20,96,96,342.0832291666666,105.58000000000001,94.48552083333334,18.45,247.59770833333334,57.97,0.11458333333333333,Sunday,2025-07,308.460431547619,323.5264270833333,94.62498511904762,96.15861805555555,213.83544642857143,227.36780902777775
2025-07-21,96,96,287.85229166666664,109.15,101.11166666666666,27.58,186.740625,46.105000000000004,0.14583333333333334,Monday,2025-07,312.3672321428572,321.37910416666665,96.21123511904761,96.20447222222222,216.1559970238095,225.17463194444446
2025-07-22,96,96,268.69625,110.4,104.2584375,32.394999999999996,164.4378125,48.67,0.13541666666666666,Tuesday,2025-07,312.35349702380955,319.15065277777774,97.99,96.99244444444444,214.36349702380951,222.1582083333333
2025-07-23,96,96,305.73291666666665,114.49000000000001,89.72416666666668,20.83,216.00875,77.35499999999999,0.13541666666666666,Wednesday,2025-07,312.3077083333333,319.5315694444445,95.87797619047619,96.94647569444444,216.42973214285715,222.58509375
2025-07-24,96,96,294.7219791666667,122.33000000000001,84.89791666666666,15.595,209.8240625,58.144999999999996,0.125,Thursday,2025-07,302.94010416666663,317.8904270833334,93.38836309523809,95.80195833333333,209.55174107142858,222.08846875000003
2025-07-25,96,96,296.2780208333333,102.315,103.11302083333334,22.7,193.165,51.480000000000004,0.15625,Friday,2025-07,301.1540773809524,316.97280555555557,94.70061011904762,95.69307638888888,206.45346726190476,221.27972916666667
2025-07-26,96,96,293.15468749999997,118.63,97.23843749999999,24.61,195.91625,59.515,0.15625,Saturday,2025-07,298.3599107142857,315.60475347222217,96.40416666666668,96.12830208333335,201.95574404761905,219.47645138888888
2025-07-27,96,96,350.6823958333334,151.17000000000002,91.30354166666666,21.695,259.37885416666666,88.61,0.08333333333333333,Sunday,2025-07,299.5883630952381,315.66439930555555,95.94959821428571,96.15181597222224,203.63876488095235,219.51258333333334
2025-07-28,96,96,286.04072916666667,136.97500000000002,74.1359375,23.42,211.90479166666668,46.55999999999999,0.07291666666666667,Monday,2025-07,299.32956845238095,313.51001041666666,92.09592261904763,95.70743402777777,207.23364583333336,217.80257638888892
2025-07-29,96,96,319.45197916666666,142.7,94.42031250000001,25.9,225.03166666666667,89.565,0.0625,Tuesday,2025-07,306.5803869047619,312.0135868055556,90.69047619047619,95.94322222222222,215.8899107142857,216.07036458333334
2025-07-30,96,96,248.5896875,97.805,99.14541666666666,18.9,149.44427083333332,45.504999999999995,0.15625,Wednesday,2025-07,298.41706845238093,309.8890173611111,92.03636904761903,95.84174305555555,206.38069940476188,214.04727430555556
2025-07-31,96,96,358.53458333333333,130.705,95.4240625,15.195,263.11052083333334,65.26,0.11458333333333333,Thursday,2025-07,307.53315476190477,310.47834375,93.54010416666665,95.93265972222223,213.9930505952381,214.5456840277778
2025-08-01,96,96,314.3769791666667,101.89500000000001,108.8975,21.14,205.47947916666666,63.44000000000001,0.10416666666666667,Friday,2025-08,310.1187202380952,311.0730798611111,94.36645833333333,96.00150000000001,215.75226190476187,215.07157986111113
2025-08-02,96,96,301.79604166666667,117.24000000000001,90.50489583333332,18.049999999999997,211.29114583333333,90.8,0.15625,Saturday,2025-08,311.35319940476194,311.19497916666666,93.4045238095238,96.31320486111112,217.94867559523806,214.88177430555558
2025-08-03,96,96,359.81697916666667,139.685,89.24104166666666,23.869999999999997,270.5759375,67.045,0.14583333333333334,Sunday,2025-08,312.6581398809523,312.66954513888885,93.10988095238095,96.02784027777778,219.5482589285714,216.64170486111112
2025-08-04,96,96,248.42291666666665,72.08000000000001,91.62708333333335,25.225,156.79583333333332,42.150000000000006,0.15625,Monday,2025-08,307.2841666666667,308.38666319444445,95.60861607142859,95.82512847222223,211.67555059523806,212.56153472222223
2025-08-05,96,96,335.098125,132.535,95.63010416666667,19.825000000000003,239.46802083333333,86.785,0.125,Tuesday,2025-08,309.51933035714285,307.62625694444444,95.78144345238094,96.02972222222222,213.7378869047619,211.59653472222223
2025-08-06,96,96,305.47041666666667,137.015,112.73635416666667,20.275,192.73406250000002,53.735,0.15625,Wednesday,2025-08,317.64514880952385,306.8419965277778,97.72300595238096,96.44216666666667,219.92214285714286,210.3998298611111
2025-08-07,96,96,325.0284375,168.19,92.3975,24.755000000000003,232.6309375,120.03500000000001,0.08333333333333333,Thursday,2025-08,312.85855654761906,307.46658680555555,97.29063988095238,96.36069444444443,215.56791666666666,211.1058923611111
2025-08-08,96,96,307.13458333333335,128.905,91.79312499999999,18.82,215.34145833333332,73.605,0.11458333333333333,Friday,2025-08,311.82392857142855,307.53766319444446,94.84715773809523,95.79177083333333,216.97677083333335,211.74589236111112
2025-08-09,96,96,331.00624999999997,119.085,110.81572916666666,26.655,220.19052083333335,65.59,0.14583333333333334,Saturday,2025-08,315.9968154761905,309.08098611111114,97.74870535714285,95.37746527777776,218.2481101190476,213.70352083333333
2025-08-10,96,96,369.7646875,136.41,100.58927083333333,31.604999999999997,269.17541666666665,68.66999999999999,0.11458333333333333,Sunday,2025-08,317.41791666666666,310.4297326388889,99.36988095238095,95.50564583333333,218.04803571428573,214.92408680555556
2025-08-11,96,96,299.6958333333333,147.04500000000002,97.57375,23.955,202.12208333333334,57.57000000000001,0.08333333333333333,Monday,2025-08,324.74261904761903,309.46189236111115,100.21940476190477,96.1476076388889,224.52321428571432,213.3142847222222
2025-08-12,96,96,297.37916666666666,148.25,81.43197916666666,24.490000000000002,215.9471875,78.65999999999997,0.09375,Tuesday,2025-08,319.3541964285714,308.79829861111114,98.19110119047619,95.34620486111112,221.16309523809522,213.45209375
2025-08-13,96,96,273.5960416666667,102.49000000000001,91.55197916666667,16.854999999999997,182.0440625,49.035,0.15625,Wednesday,2025-08,314.80071428571426,309.23467708333334,95.1647619047619,95.3976736111111,219.6359523809524,213.8370034722222
2025-08-14,96,96,295.13395833333334,146.305,107.35708333333334,28.765,187.776875,56.035,0.11458333333333333,Thursday,2025-08,310.5300744047619,310.1127291666667,97.30184523809524,95.91600694444445,213.22822916666664,214.19672222222223
2025-08-15,96,96,281.8229166666667,104.79499999999999,98.97020833333333,16.32,182.85270833333334,65.97,0.08333333333333333,Friday,2025-08,306.9141220238095,309.3050451388889,98.32714285714285,95.73140277777776,208.58697916666665,213.5736423611111
2025-08-16,96,96,284.1694791666667,151.59,103.9975,17.61,180.1719791666667,48.105000000000004,0.13541666666666666,Saturday,2025-08,300.22315476190477,306.7675208333333,97.35311011904763,95.78714583333334,202.87004464285715,210.980375
2025-08-17,96,96,348.931875,143.22500000000002,90.85635416666668,35.510000000000005,258.0755208333333,90.69500000000001,0.08333333333333333,Sunday,2025-08,297.2470386904762,308.10590972222224,95.96269345238095,95.68478125,201.28434523809523,212.42112847222225
2025-08-18,96,96,292.49843749999997,128.1,81.71041666666666,21.235,210.78802083333335,54.06999999999999,0.09375,Monday,2025-08,296.2188392857143,307.43206250000003,93.69650297619047,95.56467708333334,202.52233630952378,211.86738541666665
2025-08-19,96,96,229.0377083333333,123.275,92.676875,22.095,136.36083333333332,49.885000000000005,0.125,Tuesday,2025-08,286.4557738095238,303.6638784722223,95.30291666666666,95.50438888888888,191.15285714285713,208.15948958333334
2025-08-20,96,96,231.32500000000002,106.205,81.19989583333334,22.045,150.12510416666666,55.08,0.08333333333333333,Wednesday,2025-08,280.41705357142854,301.7796354166666,93.82404761904762,94.84066319444445,186.59300595238096,206.93897222222222
2025-08-21,96,96,270.51135416666665,133.79500000000002,102.419375,25.685000000000002,168.09197916666668,52.86499999999999,0.11458333333333333,Thursday,2025-08,276.89953869047616,301.8401388888889,93.11866071428572,94.7793611111111,183.7808779761905,207.0607777777778
2025-08-22,96,96,295.5484375,95.805,112.79947916666667,21.325,182.74895833333335,58.28,0.11458333333333333,Friday,2025-08,278.86032738095236,301.50065624999996,95.09427083333334,95.54853819444445,183.76605654761906,205.95211805555556
2025-08-23,96,96,313.7398958333333,100.39500000000001,85.24395833333334,21.314999999999998,228.4959375,59.57,0.13541666666666666,Saturday,2025-08,283.0846726190476,302.13458680555556,92.41519345238096,95.56007291666667,190.66947916666666,206.57451388888887
2025-08-24,96,96,314.445,138.26999999999998,83.06666666666666,23.18,231.37833333333333,58.81,0.11458333333333333,Sunday,2025-08,278.1579761904762,302.7401527777777,91.30238095238096,94.89186111111111,186.85559523809522,207.84829166666665
2025-08-25,96,96,294.75614583333333,141.07999999999998,85.40218750000001,15.77,209.35395833333334,78.235,0.10416666666666667,Monday,2025-08,278.48050595238095,302.7935347222222,91.8297767857143,94.49731944444444,186.65072916666665,208.29621527777778
2025-08-26,96,96,294.2623958333333,150.725,111.13,20.175,183.13239583333333,80.91,0.125,Tuesday,2025-08,287.79831845238095,300.9128680555556,94.46593750000001,95.15820138888888,193.332380952381,205.75466666666665
2025-08-27,96,96,336.61635416666667,117.13499999999999,86.46145833333333,25.814999999999998,250.1548958333333,81.44,0.09375,Wednesday,2025-08,302.83994047619046,302.5987222222222,95.2175892857143,95.56905208333335,207.6223511904762,207.02967013888886
2025-08-28,96,96,277.835625,126.595,106.72364583333332,22.855,171.11197916666666,72.56,0.10416666666666667,Thursday,2025-08,303.88626488095235,301.21151041666667,95.83248511904762,95.97916319444445,208.05377976190474,205.23234722222222
2025-08-29,96,96,294.73229166666664,140.395,98.54145833333332,18.939999999999998,196.19083333333333,85.35,0.08333333333333333,Friday,2025-08,303.7696726190476,302.74959722222223,93.795625,95.95903125,209.97404761904758,206.79056597222223
2025-08-30,96,96,364.48145833333336,143.76,95.57739583333334,25.5,268.9040625,87.18,0.041666666666666664,Saturday,2025-08,311.0184672619048,302.94782638888887,95.27183035714286,95.9641423611111,215.7466369047619,206.98368402777777
2025-08-31,96,96,312.8620833333334,134.11,82.8475,20.985,230.01458333333335,83.915,0.11458333333333333,Sunday,2025-08,310.7923363095238,302.8973298611111,95.24052083333333,95.09580902777776,215.55181547619048,207.8015208333333
2025-09-01,96,96,284.748125,100.74000000000001,88.09208333333333,21.72,196.65604166666665,45.09,0.13541666666666666,Monday,2025-09,309.36261904761903,302.3290659722222,95.62479166666665,95.01538194444444,213.73782738095238,207.31368402777778
2025-09-02,96,96,275.299375,93.975,82.48916666666666,19.61,192.81020833333332,50.555,0.14583333333333334,Tuesday,2025-09,306.6536160714286,299.5118125,91.53324404761904,94.79031944444445,215.12037202380952,204.72149305555556
2025-09-03,96,96,278.68583333333333,103.14,100.42395833333335,24.64,178.261875,43.58,0.13541666666666666,Wednesday,2025-09,298.3778273809524,300.5205763888889,93.5278869047619,95.08354861111111,204.84994047619048,205.43702777777779
2025-09-04,96,96,254.9608333333333,121.25,89.70270833333332,21.655,165.258125,44.42,0.11458333333333333,Thursday,2025-09,295.11,297.84933333333333,91.09632440476192,94.88596875,204.0136755952381,202.96336458333332
2025-09-05,96,96,292.10364583333336,126.46000000000001,106.7753125,26.03,185.32833333333335,58.339999999999996,0.09375,Friday,2025-09,294.73447916666663,297.4037743055556,92.27258928571428,94.6872673611111,202.46188988095238,202.71650694444446
2025-09-06,96,96,308.789375,143.24,91.5075,26.125,217.281875,91.19500000000001,0.09375,Saturday,2025-09,286.7784672619048,296.8624722222222,91.6911755952381,94.65760069444444,195.0872916666667,202.20487152777778
2025-09-07,96,96,278.08166666666665,79.08,104.47354166666666,26.134999999999998,173.608125,44.150000000000006,0.16666666666666666,Sunday,2025-09,281.8098363095238,295.8940416666666,94.78061011904762,95.08028125000001,187.0292261904762,200.8137604166667
2025-09-08,96,96,248.01010416666668,104.715,83.13416666666667,17.83,164.8759375,47.24,0.13541666666666666,Monday,2025-09,276.56154761904764,293.1275034722222,94.07233630952382,94.15756250000001,182.48921130952382,198.96994097222222
2025-09-09,96,96,218.50572916666667,93.86500000000001,88.40875,30.445,130.09697916666667,44.925000000000004,0.17708333333333334,Tuesday,2025-09,268.4481696428571,288.08553819444444,94.91799107142857,93.75154513888889,173.5301785714286,194.3339930555556
2025-09-10,96,96,242.61604166666666,96.16499999999999,86.17677083333332,30.674999999999997,156.43927083333332,37.545,0.17708333333333334,Wednesday,2025-09,263.29534226190475,286.1828784722222,92.88267857142856,93.37164583333333,170.4126636904762,192.81123263888887
2025-09-11,96,96,283.625625,154.54,90.41624999999999,23.605,193.209375,84.75999999999999,0.09375,Thursday,2025-09,267.3903125,285.7244270833333,92.98461309523807,93.67112152777777,174.4056994047619,192.05330555555557
2025-09-12,96,96,266.31458333333336,93.97,83.72708333333334,15.58,182.5875,58.83999999999998,0.11458333333333333,Friday,2025-09,263.7061607142857,285.48171180555556,89.69200892857143,93.41029166666667,174.01415178571432,192.07142013888887
2025-09-13,96,96,253.70385416666667,94.775,90.13822916666668,15.555,163.56562499999998,47.235,0.125,Saturday,2025-09,255.83680059523812,284.10070833333333,89.49639880952381,92.83632986111111,166.34040178571428,191.2643784722222
2025-09-14,96,96,308.6878125,108.2,82.9909375,26.63,225.69687499999998,76.095,0.11458333333333333,Sunday,2025-09,260.20910714285714,284.99620486111115,86.42745535714286,92.30368750000001,173.78165178571427,192.69251736111113
2025-09-15,96,96,261.9301041666667,120.91,88.80708333333332,21.314999999999998,173.1230208333333,38.97,0.13541666666666666,Monday,2025-09,262.1976785714286,284.2548923611111,87.23787202380952,91.79734027777776,174.95980654761905,192.45755208333333
2025-09-16,96,96,279.9496875,109.52000000000001,92.38489583333335,21.924999999999997,187.56479166666668,44.855000000000004,0.1875,Tuesday,2025-09,270.9753869047619,281.9554861111111,87.80589285714287,91.84829166666667,183.16949404761905,190.10719444444442
2025-09-17,96,96,268.44374999999997,92.365,93.95135416666666,19.2,174.49239583333335,67.21000000000001,0.09375,Wednesday,2025-09,274.6650595238095,281.15366319444445,88.91654761904762,92.25632291666668,185.7485119047619,188.8973402777778
2025-09-18,96,96,257.98427083333337,105.765,95.53072916666667,21.86,162.45354166666667,57.97,0.125,Thursday,2025-09,271.00200892857146,282.11854861111107,89.6471875,92.35145138888888,181.3548214285714,189.76709722222222
2025-09-19,96,96,272.90802083333335,117.47999999999999,88.46333333333332,24.439999999999998,184.4446875,61.3,0.09375,Friday,2025-09,271.94392857142856,283.5046493055556,90.32379464285715,92.59356597222222,181.62013392857142,190.91108333333332
2025-09-20,96,96,354.4788541666667,104.16,106.970625,27.715,247.50822916666667,58.035,0.09375,Saturday,2025-09,286.34035714285716,286.3035659722222,92.7284226190476,92.74527430555555,193.61193452380954,193.55829166666666
2025-09-21,96,96,324.77447916666665,152.95499999999998,93.93135416666667,27.759999999999998,230.843125,83.905,0.09375,Sunday,2025-09,288.63845238095234,287.2777673611111,94.29133928571427,92.11633680555556,194.3471130952381,195.16143055555554
2025-09-22,96,96,214.3635416666667,75.57,77.43895833333333,21.854999999999997,136.92458333333335,44.26,0.15625,Monday,2025-09,281.8432291666667,283.9652222222222,92.66732142857143,91.8561701388889,189.17590773809525,192.10905208333332
2025-09-23,96,96,284.11291666666665,91.475,94.44,26.045,189.67291666666665,45.855,0.10416666666666667,Tuesday,2025-09,282.4379761904762,282.9541527777778,92.96090773809523,92.23528125,189.47706845238096,190.7188715277778
2025-09-24,96,96,262.4728125,103.34,97.67604166666666,25.23,164.79677083333334,47.135,0.125,Wednesday,2025-09,281.58498511904764,281.8780416666667,93.49300595238095,92.64440972222222,188.09197916666668,189.23363194444445
2025-09-25,96,96,274.9396875,103.96000000000001,92.57364583333333,21.36,182.36604166666666,48.38499999999999,0.125,Thursday,2025-09,284.0071875,281.2339513888889,93.07056547619048,92.02586458333333,190.93662202380955,189.20808680555555
2025-09-26,96,96,232.59916666666666,126.67999999999999,101.7925,21.564999999999998,130.80666666666667,41.315,0.19791666666666666,Friday,2025-09,278.24877976190476,277.76671180555553,94.97473214285715,92.53689930555555,183.27404761904762,185.2298125
2025-09-27,96,96,296.57979166666667,121.945,105.49479166666667,22.335,191.085,65.47000000000001,0.10416666666666667,Saturday,2025-09,269.9774851190476,278.39151736111114,94.76389880952381,92.4959375,175.21358630952383,185.8955798611111
2025-09-28,96,96,305.74010416666664,123.905,105.31812500000001,17.655,200.4219791666667,58.945,0.14583333333333334,Sunday,2025-09,267.2582886904762,278.7584444444445,96.39058035714287,92.7218263888889,170.86770833333335,186.03661805555558
2025-09-29,96,96,201.39125,63.364999999999995,92.25770833333333,21.625,109.13354166666666,29.135,0.22916666666666666,Monday,2025-09,265.40510416666666,273.3221041666667,98.50754464285714,92.61117013888888,166.89755952380952,180.71093402777777
2025-09-30,96,96,241.45302083333334,82.575,92.92177083333333,18.715,148.53125,42.635000000000005,0.14583333333333334,Tuesday,2025-09,259.31083333333333,270.94180208333336,98.29065476190476,92.94697916666668,161.0201785714286,177.99482291666666
2025-10-01,96,96,247.12645833333332,108.005,88.19322916666665,22.85,158.93322916666668,61.92,0.11458333333333333,Wednesday,2025-10,257.11849702380954,269.6877465277778,96.93596726190476,92.95035069444445,160.1825297619048,176.73739583333332
2025-10-02,96,96,256.65760416666666,76.92500000000001,87.08510416666667,20.97,169.5725,38.785,0.15625,Thursday,2025-10,254.50677083333332,269.06635416666666,96.15188988095237,93.10354861111111,158.35488095238097,175.96280555555555
2025-10-03,96,96,230.2579166666667,91.39,93.33177083333334,27.21,136.92614583333332,35.13,0.15625,Friday,2025-10,254.17230654761903,267.45209027777776,94.94321428571428,92.8671423611111,159.22909226190475,174.58494791666666
2025-10-04,96,96,260.60864583333336,149.845,95.9290625,21.305,164.67958333333334,53.68000000000001,0.09375,Saturday,2025-10,249.03357142857143,267.64035069444446,93.57668154761905,93.0746875,155.45688988095236,174.56566319444445
2025-10-05,96,96,279.37989583333336,106.38,97.8003125,25.189999999999998,181.57958333333332,52.33500000000001,0.13541666666666666,Sunday,2025-10,245.2678273809524,267.21622569444446,92.50270833333333,92.77552083333333,152.76511904761904,174.4407048611111
2025-10-06,96,96,277.3438541666667,88.295,99.88625,21.994999999999997,177.45760416666667,39.43,0.09375,Monday,2025-10,256.1181994047619,266.1680416666667,93.5925,93.0548125,162.52569940476192,173.11322916666668
2025-10-07,96,96,252.74322916666665,120.80000000000001,92.305,29.955,160.43822916666667,40.555,0.125,Tuesday,2025-10,257.73108630952385,265.32342708333334,93.50438988095239,92.64919444444445,164.22669642857142,172.67423263888887
2025-10-08,96,96,227.2353125,109.31,90.11677083333332,14.32,137.11854166666666,43.040000000000006,0.15625,Wednesday,2025-10,254.88949404761908,264.6309340277778,93.77918154761905,92.88194791666666,161.1103125,171.7489861111111
2025-10-09,96,96,236.27666666666667,104.685,87.94687499999999,20.79,148.32979166666667,37.76,0.1875,Thursday,2025-10,251.97793154761908,265.2232986111111,93.90229166666667,92.86655208333333,158.0756398809524,172.35674652777777
2025-10-10,96,96,251.15510416666666,76.8,104.33447916666667,27.575000000000003,146.820625,36.71,0.10416666666666667,Friday,2025-10,254.96324404761907,265.5079340277778,95.47410714285715,93.47180902777777,159.4891369047619,172.03612500000003
2025-10-11,96,96,238.51052083333332,93.855,84.0240625,25.485,154.48645833333333,45.48,0.15625,Saturday,2025-10,251.80636904761903,264.0040972222222,93.77339285714285,93.25873611111112,158.03297619047618,170.7453611111111
2025-10-12,96,96,289.65052083333336,141.91500000000002,97.32260416666666,24.615000000000002,192.32791666666665,68.08500000000001,0.10416666666666667,Sunday,2025-10,253.2736011904762,264.78196180555557,93.7051488095238,93.71192013888889,159.56845238095238,171.0700416666667
2025-10-13,96,96,250.56510416666666,63.605000000000004,100.92697916666667,28.255,149.638125,34.519999999999996,0.11458333333333333,Monday,2025-10,249.44806547619046,264.67733680555557,93.8538244047619,94.0715451388889,155.59424107142857,170.60579166666668
2025-10-14,96,96,243.77270833333333,95.16,92.344375,28.505000000000003,151.42833333333334,43.04,0.16666666666666666,Tuesday,2025-10,248.1665625,262.51349999999996,93.8594494047619,94.38332638888889,154.3071130952381,168.13017361111108
2025-10-15,96,96,242.58635416666667,108.5,95.25916666666666,24.975,147.3271875,39.81,0.14583333333333334,Wednesday,2025-10,250.35956845238096,261.8687083333333,94.59407738095238,94.59839583333334,155.76549107142858,167.2703125
2025-10-16,96,96,228.28333333333333,119.57,96.554375,25.395,131.72895833333334,50.464999999999996,0.13541666666666666,Thursday,2025-10,249.2176636904762,260.14649652777774,95.82372023809523,94.73737847222222,153.39394345238094,165.40911805555555
2025-10-17,96,96,225.20760416666667,74.495,98.823125,14.73,126.38447916666667,29.595,0.21875,Friday,2025-10,245.51087797619047,258.70529166666665,95.03638392857142,94.89977083333333,150.47449404761906,163.80552083333333
2025-10-18,96,96,253.26322916666666,126.67500000000001,102.42843750000002,30.130000000000003,150.83479166666666,71.975,0.15625,Saturday,2025-10,247.61840773809527,258.5479236111111,97.66558035714284,95.12969444444444,149.95282738095239,163.41822916666666
2025-10-19,96,96,305.301875,116.945,91.231875,31.68,214.07000000000002,60.86,0.11458333333333333,Sunday,2025-10,249.8543154761905,259.62771875000004,96.7954761904762,95.22197916666666,153.0588392857143,164.40573958333334
2025-10-20,96,96,237.215,57.69,93.52999999999999,26.63,143.685,36.519999999999996,0.13541666666666666,Monday,2025-10,247.94715773809526,255.71892361111114,95.73876488095239,94.77395833333334,152.20839285714285,160.9449652777778
2025-10-21,96,96,196.05479166666666,65.66,88.85552083333333,24.47,107.19927083333333,31.240000000000002,0.14583333333333334,Tuesday,2025-10,241.1303125,251.4282673611111,95.24035714285715,94.60476388888888,145.88995535714287,156.8235034722222
2025-10-22,96,96,219.07364583333333,86.6,105.63645833333334,28.725,113.4371875,32.215,0.14583333333333334,Wednesday,2025-10,237.77135416666667,251.5852708333333,96.72282738095237,95.54468055555554,141.04852678571427,156.04059027777777
2025-10-23,96,96,206.0559375,96.45,107.30375,35.57,98.7521875,31.419999999999998,0.23958333333333334,Thursday,2025-10,234.59601190476192,248.9833715277778,98.25845238095238,95.97347222222223,136.33755952380952,153.00989930555554
2025-10-24,96,96,188.235,77.36,106.17854166666666,36.225,82.05645833333334,29.435000000000002,0.23958333333333334,Friday,2025-10,229.3142113095238,246.50877777777777,99.3092261904762,96.25688888888888,130.0049851190476,150.25188888888889
2025-10-25,96,96,250.83020833333333,121.91,78.82187499999999,21.945,172.00833333333333,42.935,0.125,Saturday,2025-10,228.96663690476188,245.70512847222224,95.93686011904761,95.79849652777779,133.0297767857143,149.90663194444446
2025-10-26,96,96,266.7086458333333,92.715,96.74989583333333,29.884999999999998,169.95875,43.34,0.15625,Sunday,2025-10,223.45331845238096,246.8421111111111,96.7251488095238,95.63040972222221,126.72816964285714,151.21170138888888
2025-10-27,96,96,247.790625,101.03999999999999,79.9353125,15.525,167.8553125,53.20000000000002,0.10416666666666667,Monday,2025-10,224.96412202380952,245.21580555555556,94.7830505952381,94.77842708333334,130.18107142857144,150.43737847222226
2025-10-28,96,96,230.81177083333333,92.72,103.2765625,23.23,127.53520833333334,35.19500000000002,0.11458333333333333,Tuesday,2025-10,229.92940476190475,242.71819444444446,96.8431994047619,94.71037499999998,133.08620535714286,148.00781944444444
2025-10-29,96,96,239.53645833333334,110.385,92.84854166666666,23.905,146.68791666666667,41.185,0.15625,Wednesday,2025-10,232.8526636904762,243.9897013888889,95.01635416666667,94.73006944444445,137.83630952380955,149.25963194444446
2025-10-30,96,96,245.4990625,92.815,85.66239583333333,15.98,159.83666666666667,43.315,0.16666666666666666,Thursday,2025-10,238.48739583333332,244.12456944444446,91.92473214285714,94.48809027777777,146.5626636904762,149.63647916666667
2025-10-31,96,96,244.2665625,98.66499999999999,101.46114583333333,31.865000000000002,142.80541666666667,35.205,0.125,Friday,2025-10,246.49190476190478,244.02923958333335,91.25081845238095,94.93035416666666,155.2410863095238,149.09888541666666
2025-11-01,96,96,228.9935416666667,122.075,96.49614583333333,20.18,132.49739583333334,46.49,0.11458333333333333,Saturday,2025-11,243.37238095238098,243.1071041666667,93.7757142857143,95.24405555555556,149.59666666666666,147.8630486111111
2025-11-02,96,96,280.30625000000003,124.13,83.42489583333334,23.895,196.88135416666668,69.46499999999999,0.08333333333333333,Sunday,2025-11,245.31489583333334,244.77538194444443,91.87214285714286,94.91382638888889,153.44275297619046,149.86155555555555
2025-11-03,96,96,257.386875,108.88499999999999,86.520625,17.785,170.86625,68.845,0.10416666666666667,Monday,2025-11,246.6857886904762,244.6679895833333,92.81290178571429,94.60021180555556,153.87288690476188,150.06777777777776
2025-11-04,96,96,212.04208333333335,73.495,102.16531250000001,25.2,109.87677083333334,33.47,0.14583333333333334,Tuesday,2025-11,244.00440476190474,242.42339583333336,92.65415178571428,94.74571180555556,151.35025297619046,147.67768402777776
2025-11-05,96,96,203.05020833333333,108.72999999999999,84.59083333333334,26.52,118.45937500000001,32.879999999999995,0.19791666666666666,Wednesday,2025-11,238.79208333333332,239.94694097222222,91.47447916666667,94.23586458333334,147.31760416666665,145.7110763888889
2025-11-06,96,96,229.311875,88.095,94.39333333333333,30.125,134.91854166666667,35.66,0.16666666666666666,Thursday,2025-11,236.47962797619047,239.16589583333334,92.72175595238095,94.30547569444443,143.75787202380954,144.8604201388889
2025-11-07,96,96,224.87020833333335,75.8,98.70166666666667,26.84,126.16854166666667,33.045,0.13541666666666666,Friday,2025-11,233.70872023809525,239.08705902777777,92.32754464285713,94.59163888888888,141.38117559523812,144.49542013888887
2025-11-08,96,96,255.83541666666667,86.82,98.63229166666667,22.48,157.203125,40.35,0.13541666666666666,Saturday,2025-11,237.54327380952378,239.7390173611111,92.63270833333333,94.94781944444443,144.91056547619047,144.79119791666665
2025-11-09,96,96,247.21166666666667,118.49000000000001,89.35291666666666,22.855,157.85875000000001,62.440000000000005,0.15625,Sunday,2025-11,232.81547619047618,239.60756944444447,93.47956845238095,94.44843402777778,139.33590773809524,145.15913541666666
2025-11-10,96,96,250.83916666666667,95.39,86.67760416666665,28.740000000000002,164.1615625,57.49,0.13541666666666666,Monday,2025-11,231.8800892857143,240.0185243055556,93.50199404761905,94.53688541666666,138.37809523809523,145.4816388888889
2025-11-11,96,96,201.25947916666667,72.53999999999999,92.27489583333333,26.805,108.98458333333333,37.45,0.17708333333333334,Tuesday,2025-11,230.33971726190475,237.07215624999998,92.08907738095238,94.36862847222223,138.25063988095238,142.70352777777777
2025-11-12,96,96,211.84375,89.88,102.03375,16.77,109.81,30.92000000000001,0.16666666666666666,Wednesday,2025-11,231.59593750000002,235.78144444444442,94.58092261904763,94.40552083333334,137.01501488095238,141.37592361111112
2025-11-13,96,96,242.80322916666668,82.035,97.74489583333333,24.055,145.05833333333334,45.53,0.10416666666666667,Thursday,2025-11,233.5232738095238,235.74912847222222,95.05971726190477,94.58553819444445,138.46355654761905,141.16359027777779
2025-11-14,96,96,188.936875,67.34,91.32979166666667,24.655,97.60708333333334,30.32,0.20833333333333334,Friday,2025-11,228.38994047619047,233.9608125,94.00659226190476,94.45455902777778,134.38334821428572,139.50625347222223
2025-11-15,96,96,252.21614583333334,110.33,98.62343750000001,28.295,153.59270833333332,41.43,0.14583333333333334,Saturday,2025-11,227.87290178571428,234.75857291666668,94.00532738095238,94.52352777777779,133.8675744047619,140.2350451388889
2025-11-16,96,96,244.49895833333335,92.1,101.78520833333333,25.965,142.71375,36.33,0.19791666666666666,Sunday,2025-11,227.48537202380953,235.40161805555556,95.78136904761905,94.62226388888888,131.70400297619048,140.77935416666665
2025-11-17,96,96,229.01458333333335,95.52000000000001,73.288125,25.205,155.72645833333334,53.025000000000006,0.11458333333333333,Monday,2025-11,224.3675744047619,234.59332986111113,93.8685863095238,93.65092013888889,130.4989880952381,140.94240972222224
2025-11-18,96,96,245.698125,115.61,104.68270833333332,25.09,141.01541666666665,71.22,0.11458333333333333,Tuesday,2025-11,230.7159523809524,232.60653819444445,95.64113095238095,94.09928125,135.07482142857143,138.50725694444446
2025-11-19,96,96,192.5584375,67.91499999999999,93.935625,17.395000000000003,98.62281250000001,31.049999999999997,0.16666666666666666,Wednesday,2025-11,227.96090773809527,231.1179861111111,94.48425595238095,94.11280208333332,133.4766517857143,137.0051840277778
2025-11-20,96,96,233.0703125,88.56,91.48958333333333,20.93,141.58072916666666,37.915,0.13541666666666666,Thursday,2025-11,226.57049107142856,232.35183680555556,93.59063988095238,94.20060416666666,132.97985119047618,138.1512326388889
2025-11-21,96,96,214.60947916666666,76.925,78.24875,20.72,136.3607291666667,43.864999999999995,0.11458333333333333,Friday,2025-11,230.23800595238097,232.20303125,91.72191964285715,93.28768055555555,138.5160863095238,138.91535069444444
2025-11-22,96,96,263.91572916666667,95.96000000000001,97.28729166666666,24.72,166.6284375,51.095,0.10416666666666667,Saturday,2025-11,231.90937499999998,234.13169097222223,91.53104166666665,92.95379861111111,140.37833333333333,141.1778923611111
2025-11-23,96,96,225.94833333333335,79.545,101.83854166666667,26.115000000000002,124.10979166666668,32.824999999999996,0.14583333333333334,Sunday,2025-11,229.2592857142857,235.38880208333333,91.53866071428571,92.80913194444445,137.720625,142.5796701388889
2025-11-24,96,96,188.18166666666664,89.06,101.15145833333334,21.65,87.03020833333333,35.225,0.19791666666666666,Monday,2025-11,223.4260119047619,233.3005173611111,95.51913690476191,93.55345138888887,127.906875,139.74706597222223
2025-11-25,96,96,161.73760416666667,67.9,106.32593750000001,26.225,55.41166666666666,22.25,0.2916666666666667,Tuesday,2025-11,211.4316517857143,229.8014826388889,95.75388392857143,93.87265277777779,115.67776785714287,135.9288298611111
2025-11-26,96,96,236.68135416666667,101.785,101.24781250000001,19.655,135.43354166666666,45.68,0.17708333333333334,Wednesday,2025-11,217.73492559523808,229.43117361111112,96.79848214285714,94.58306944444443,120.93644345238094,134.84810416666667
2025-11-27,96,96,197.05875,78.625,96.47447916666665,24.765,100.58427083333333,39.315,0.15625,Thursday,2025-11,212.59041666666667,228.30607291666666,97.51061011904763,94.35633333333334,115.07980654761904,133.94973958333335
2025-11-28,96,96,212.95927083333333,121.035,90.22958333333334,23.175,122.7296875,37.074999999999996,0.16666666666666666,Friday,2025-11,212.3546726190476,227.4201666666667,99.22215773809525,94.26903472222222,113.13251488095239,133.15113194444444
2025-11-29,96,96,255.58875,75.66499999999999,101.91333333333334,17.384999999999998,153.67541666666668,38.14,0.13541666666666666,Saturday,2025-11,211.16510416666668,227.75648958333335,99.88302083333335,94.81073263888888,111.28208333333335,132.94575694444447
2025-11-30,96,96,252.45645833333333,109.57,105.958125,15.379999999999999,146.49833333333333,41.334999999999994,0.1875,Sunday,2025-11,214.95197916666666,228.0294861111111,100.47153273809523,94.96063194444444,114.48044642857143,133.06885416666668
2025-12-01,96,96,201.6390625,69.18,87.46645833333334,21.69,114.17260416666666,30.669999999999987,0.16666666666666666,Monday,2025-12,216.87446428571428,227.1176701388889,98.51653273809525,94.65964236111111,118.35793154761906,132.4580277777778
2025-12-02,96,96,222.48895833333333,110.535,97.85729166666668,22.675,124.63166666666666,29.68,0.20833333333333334,Tuesday,2025-12,225.55322916666665,225.19042708333333,97.3067261904762,95.14072222222222,128.24650297619047,130.0497048611111
2025-12-03,96,96,203.16302083333335,51.71,90.61625,19.125,112.54677083333333,33.095,0.22916666666666666,Wednesday,2025-12,220.76489583333336,223.38296527777777,95.78793154761907,95.27724305555556,124.97696428571429,128.10572222222223
2025-12-04,96,96,224.48083333333332,91.485,95.34145833333334,23.055,129.139375,35.825,0.125,Thursday,2025-12,224.6823363095238,223.7975902777778,95.62607142857144,95.04978125000001,129.05626488095237,128.74780902777778
2025-12-05,96,96,204.11166666666668,81.30000000000001,82.78958333333334,25.97,121.32208333333334,33.985,0.14583333333333334,Friday,2025-12,223.41839285714286,223.83297222222225,94.56321428571428,94.98973958333333,128.85517857142858,128.84323263888888
2025-12-06,96,96,226.98166666666665,103.255,101.698125,30.235,125.28354166666666,39.095,0.125,Saturday,2025-12,219.33166666666668,223.7552986111111,94.53247023809524,95.2332326388889,124.79919642857143,128.52206597222224
2025-12-07,96,96,233.77645833333335,116.265,100.76781249999999,25.34,133.00864583333333,37.53,0.1875,Sunday,2025-12,216.66309523809522,224.0521736111111,93.79099702380952,95.30210416666667,122.87209821428571,128.75006944444445
2025-12-08,96,96,226.67479166666666,84.6,99.28989583333333,27.509999999999998,127.38489583333335,31.46,0.15625,Monday,2025-12,220.23962797619046,223.08015277777778,95.48005952380952,95.32402430555554,124.75956845238095,127.75612847222222
2025-12-09,96,96,218.8165625,84.005,81.64,22.645,137.17656250000002,36.38,0.10416666666666667,Tuesday,2025-12,219.715,222.13364930555554,93.16330357142859,95.06692708333334,126.55169642857143,127.06672222222224
2025-12-10,96,96,193.73708333333332,76.65,95.86375,25.03,97.87333333333333,27.575000000000003,0.17708333333333334,Wednesday,2025-12,218.3684375,220.23024652777775,93.91294642857143,95.37313194444444,124.45549107142857,124.85711458333334
2025-12-11,96,96,202.6883333333333,107.685,95.22270833333333,18.855,107.46562499999999,29.55,0.16666666666666666,Thursday,2025-12,215.2552232142857,220.27787500000002,93.89598214285714,95.47139236111111,121.35924107142857,124.8064826388889
2025-12-12,96,96,202.22677083333335,68.205,93.87677083333334,24.515,108.35000000000001,24.79,0.19791666666666666,Friday,2025-12,214.98595238095237,219.9573090277778,95.47986607142856,95.19949305555556,119.50608630952381,124.75781597222223
2025-12-13,96,96,264.58177083333334,133.82999999999998,92.73562499999998,22.43,171.84614583333334,80.02,0.08333333333333333,Saturday,2025-12,220.35739583333336,220.68326041666666,94.19950892857142,95.0325173611111,126.15788690476191,125.65074305555555
2025-12-14,96,96,250.18781249999998,86.105,82.87291666666667,21.98,167.31489583333334,40.585,0.13541666666666666,Sunday,2025-12,222.701875,222.72495833333332,91.64309523809524,94.75062152777778,131.05877976190476,127.97433680555557
2025-12-15,96,96,206.46843750000002,112.97,95.47145833333333,21.57,110.99697916666668,48.41499999999999,0.16666666666666666,Monday,2025-12,219.8152529761905,221.20003472222223,91.09760416666667,94.64555555555556,128.7176488095238,126.55447916666667
2025-12-16,96,96,207.32500000000002,83.825,92.75989583333335,17.255000000000003,114.56510416666667,40.095,0.11458333333333333,Tuesday,2025-12,218.17360119047618,219.9609027777778,92.6861607142857,94.34471180555556,125.48744047619047,125.61619097222223
2025-12-17,96,96,170.31604166666668,60.489999999999995,95.71249999999999,20.41,74.60354166666667,23.735,0.23958333333333334,Wednesday,2025-12,214.82773809523812,218.0042847222222,92.66455357142856,95.09219097222223,122.16318452380952,122.91209375
2025-12-18,96,96,219.79489583333336,94.97,90.76510416666667,17.09,129.02979166666665,35.795,0.15625,Thursday,2025-12,217.27153273809526,217.14084375,92.02775297619046,94.62827083333333,125.24377976190476,122.51257291666666
2025-12-19,96,96,209.6158333333333,109.21000000000001,102.21625,23.165,107.39958333333334,30.375,0.19791666666666666,Friday,2025-12,218.3271130952381,217.7094236111111,93.21910714285715,94.90429166666668,125.10800595238095,122.80513194444444
2025-12-20,96,96,276.10364583333336,89.39500000000001,93.81791666666668,24.9,182.28572916666667,41.59,0.125,Saturday,2025-12,219.97309523809525,219.14386805555557,93.37372023809523,94.98190277777778,126.59937500000001,124.1619652777778
2025-12-21,96,96,251.83708333333334,87.63,83.70541666666666,15.084999999999999,168.13166666666666,49.525,0.09375,Sunday,2025-12,220.20870535714286,220.38478819444444,93.4926488095238,95.16379166666667,126.71605654761905,125.22099652777779
2025-12-22,96,96,221.85552083333334,94.27000000000001,87.59270833333333,21.384999999999998,134.2628125,44.515,0.11458333333333333,Monday,2025-12,222.40686011904765,218.98278125,92.3671130952381,94.84063888888889,130.03974702380953,124.14214236111111
2025-12-23,96,96,203.765625,79.465,82.6746875,26.65,121.0909375,28.315,0.1875,Tuesday,2025-12,221.89837797619046,218.2433576388889,90.92636904761905,94.20184375000001,130.97200892857143,124.04151388888889
2025-12-24,96,96,213.01239583333333,132.82,90.95114583333333,32.595,122.06124999999999,57.47,0.16666666666666666,Wednesday,2025-12,227.99785714285713,219.0710486111111,90.2461755952381,93.86183333333334,137.75168154761903,125.20921527777777
2025-12-25,96,96,240.87937499999998,96.71000000000001,99.45291666666667,25.53,141.42645833333333,37.19499999999999,0.125,Thursday,2025-12,231.00992559523806,221.70910763888887,91.48729166666668,93.63273263888888,139.52263392857142,128.076375
2025-12-26,96,96,202.5084375,88.32,97.81572916666666,17.104999999999997,104.69270833333333,34.8,0.16666666666666666,Friday,2025-12,229.99458333333334,220.5700104166667,90.85864583333333,93.51832986111111,139.1359375,127.05168055555555
2025-12-27,96,96,240.06781249999997,60.870000000000005,95.26760416666667,17.7,144.80020833333333,32.36,0.1875,Saturday,2025-12,224.84660714285715,222.00364583333334,91.06574404761906,93.47810069444445,133.7808630952381,128.52554513888887
2025-12-28,96,96,242.053125,92.28999999999999,86.16052083333334,26.44,155.89260416666667,39.35,0.13541666666666666,Sunday,2025-12,223.4488988095238,222.97344097222222,91.41647321428572,93.34246527777779,132.0324255952381,129.63097569444443
2025-12-29,96,96,216.8088541666667,84.84,96.08677083333333,18.835,120.72208333333333,32.36,0.16666666666666666,Monday,2025-12,222.72794642857144,221.68077777777776,92.62991071428571,93.14824652777777,130.09803571428571,128.53253125
2025-12-30,96,96,211.126875,96.19,97.07822916666667,22.765,114.04864583333334,30.69,0.16666666666666666,Tuesday,2025-12,223.77955357142855,220.303125,94.68755952380953,92.85225,129.09199404761904,127.450875
2025-12-31,96,96,217.1025,87.875,93.94947916666666,23.415,123.15302083333334,37.56,0.14583333333333334,Wednesday,2025-12,224.36385416666667,220.81857291666665,95.11589285714287,93.06835069444445,129.24796130952382,127.75022222222222
2026-01-01,96,96,248.55437500000002,92.16,102.0334375,28.09,146.5209375,47.435,0.125,Thursday,2026-01,225.46028273809526,221.68742013888888,95.48453869047619,93.20755555555554,129.97574404761903,128.47986458333332
2026-01-02,96,96,199.93270833333335,89.57499999999999,95.31093750000001,23.72,104.62177083333334,33.87,0.17708333333333334,Friday,2026-01,225.09232142857144,221.57974305555555,95.12671130952381,93.3640451388889,129.96561011904762,128.21569791666667
2026-01-03,96,96,245.83624999999998,99.92500000000001,99.561875,16.54,146.274375,50.705,0.125,Saturday,2026-01,225.91638392857143,222.29159027777777,95.74017857142857,93.50472569444445,130.17620535714286,128.78686458333334
2026-01-04,96,96,233.25333333333333,104.03,90.62604166666667,22.935000000000002,142.62729166666668,38.905,0.13541666666666666,Sunday,2026-01,224.65927083333335,223.26297916666667,96.37811011904762,93.76594097222223,128.28116071428573,129.49703819444446
2026-01-05,96,96,196.42302083333334,63.72,96.27583333333332,21.395,100.14718749999999,29.564999999999998,0.21875,Monday,2026-01,221.74700892857143,222.24435763888886,96.40511904761907,93.58519791666667,125.3418898809524,128.65915972222223
2026-01-06,96,96,233.1598958333333,86.87,98.39229166666667,22.354999999999997,134.76760416666667,34.86,0.125,Tuesday,2026-01,224.89458333333332,222.22380555555554,96.59284226190478,93.50601388888889,128.30174107142858,128.71779166666667
2026-01-07,96,96,240.1884375,105.295,92.44604166666666,28.04,147.74239583333335,38.870000000000005,0.14583333333333334,Wednesday,2026-01,228.1925744047619,222.67426041666664,96.37806547619047,93.27788541666668,131.81450892857143,129.396375
2026-01-08,96,96,192.69020833333332,76.005,88.059375,18.869999999999997,104.63083333333333,28.104999999999997,0.13541666666666666,Thursday,2026-01,220.21197916666665,221.80338194444445,94.38177083333333,93.49186458333334,125.83020833333333,128.3115173611111
2026-01-09,96,96,208.74510416666666,103.75999999999999,92.68010416666665,15.51,116.065,33.63000000000001,0.10416666666666667,Friday,2026-01,221.47089285714284,222.30364930555558,94.00593749999999,93.38574305555555,127.46495535714287,128.91790625000002
2026-01-10,96,96,281.0488541666667,134.45999999999998,91.17114583333334,31.6,189.87770833333335,75.28,0.07291666666666667,Saturday,2026-01,226.50126488095233,224.91566666666668,92.80726190476189,93.25069097222222,133.6940029761905,131.66497569444445
