period_type,start_date,end_date,score_date,weekday,suitability_rank,capacity,fiscal,air_quality,weather,energy,suitability,expected_days,occupancy_days,fiscal_days,air_days,weather_days,energy_days,score_status
day,2025-12-10,2025-12-10,2025-12-10,Wednesday,1,88.12,85.67,36.21,64.09,74.30,77.03,1,1,1,1,1,1,Calculated
day,2025-11-24,2025-11-24,2025-11-24,Monday,2,71.04,88.81,60.20,60.86,83.48,76.76,1,1,1,1,1,1,Calculated
day,2025-12-23,2025-12-23,2025-12-23,Tuesday,3,90.88,79.30,63.15,36.93,75.27,76.11,1,1,1,1,1,1,Calculated
day,2025-12-26,2025-12-26,2025-12-26,Friday,4,76.69,82.65,67.27,75.75,65.27,75.16,1,1,1,1,1,1,Calculated
day,2025-12-17,2025-12-17,2025-12-17,Wednesday,5,75.87,94.68,57.62,38.02,69.73,74.68,1,1,1,1,1,1,Calculated
day,2025-01-08,2025-01-08,2025-01-08,Wednesday,6,83.43,82.30,37.67,42.19,82.60,74.23,1,1,1,1,1,1,Calculated
day,2025-12-19,2025-12-19,2025-12-19,Friday,7,85.75,80.74,35.67,60.06,66.32,72.78,1,1,1,1,1,1,Calculated
day,2025-11-27,2025-11-27,2025-11-27,Thursday,8,66.11,84.50,51.43,45.95,88.84,72.69,1,1,1,1,1,1,Calculated
day,2025-01-22,2025-01-22,2025-01-22,Wednesday,9,71.28,87.86,54.43,53.10,70.24,72.54,1,1,1,1,1,1,Calculated
day,2025-12-22,2025-12-22,2025-12-22,Monday,10,77.93,73.25,56.80,83.85,65.39,72.50,1,1,1,1,1,1,Calculated
day,2025-12-29,2025-12-29,2025-12-29,Monday,11,76.57,76.80,43.78,66.81,73.09,71.69,1,1,1,1,1,1,Calculated
day,2025-01-15,2025-01-15,2025-01-15,Wednesday,12,83.78,80.74,38.15,40.42,72.12,71.64,1,1,1,1,1,1,Calculated
day,2025-01-14,2025-01-14,2025-01-14,Tuesday,13,80.82,71.14,69.29,70.16,60.05,71.54,1,1,1,1,1,1,Calculated
day,2025-10-24,2025-10-24,2025-10-24,Friday,14,60.55,89.74,63.69,64.81,63.90,70.72,1,1,1,1,1,1,Calculated
day,2025-01-29,2025-01-29,2025-01-29,Wednesday,15,68.69,87.98,59.49,63.05,57.10,70.68,1,1,1,1,1,1,Calculated
day,2025-11-17,2025-11-17,2025-11-17,Monday,16,69.88,67.78,46.10,63.36,89.89,70.22,1,1,1,1,1,1,Calculated
day,2025-12-24,2025-12-24,2025-12-24,Wednesday,17,76.25,77.30,65.84,30.17,71.14,69.89,1,1,1,1,1,1,Calculated
day,2025-12-15,2025-12-15,2025-12-15,Monday,18,66.80,80.68,83.42,62.85,52.45,69.36,1,1,1,1,1,1,Calculated
day,2025-12-05,2025-12-05,2025-12-05,Friday,19,74.67,79.19,47.71,69.25,56.88,69.23,1,1,1,1,1,1,Calculated
day,2025-01-01,2025-01-01,2025-01-01,Wednesday,20,74.89,78.77,47.54,42.92,69.08,68.96,1,1,1,1,1,1,Calculated
day,2025-11-25,2025-11-25,2025-11-25,Tuesday,21,74.81,100.00,46.99,17.18,49.35,68.73,1,1,1,1,1,1,Calculated
day,2025-11-12,2025-11-12,2025-11-12,Wednesday,22,70.79,79.84,54.75,32.63,73.18,68.56,1,1,1,1,1,1,Calculated
day,2025-12-01,2025-12-01,2025-12-01,Monday,23,70.78,81.03,71.24,46.68,55.11,68.36,1,1,1,1,1,1,Calculated
day,2025-01-02,2025-01-02,2025-01-02,Thursday,24,78.72,82.69,54.85,44.28,50.08,68.35,1,1,1,1,1,1,Calculated
day,2025-09-29,2025-09-29,2025-09-29,Monday,25,69.96,82.03,58.48,53.78,57.26,68.28,1,1,1,1,1,1,Calculated
day,2025-01-31,2025-01-31,2025-01-31,Friday,26,74.32,81.00,72.89,34.16,54.29,68.16,1,1,1,1,1,1,Calculated
day,2025-12-12,2025-12-12,2025-12-12,Friday,27,73.96,82.01,59.21,54.28,49.30,68.00,1,1,1,1,1,1,Calculated
day,2025-11-11,2025-11-11,2025-11-11,Tuesday,28,73.57,82.08,50.94,51.71,55.03,67.97,1,1,1,1,1,1,Calculated
day,2025-03-10,2025-03-10,2025-03-10,Monday,29,71.58,68.32,64.00,50.70,72.26,67.89,1,1,1,1,1,1,Calculated
day,2025-12-30,2025-12-30,2025-12-30,Tuesday,30,81.99,79.18,83.61,24.60,42.28,67.63,1,1,1,1,1,1,Calculated
day,2025-12-06,2025-12-06,2025-12-06,Saturday,31,69.16,73.94,78.80,64.17,51.91,67.61,1,1,1,1,1,1,Calculated
day,2025-11-06,2025-11-06,2025-11-06,Thursday,32,66.12,71.66,61.22,46.43,76.20,67.34,1,1,1,1,1,1,Calculated
day,2025-02-21,2025-02-21,2025-02-21,Friday,33,75.95,77.28,59.92,60.02,46.08,67.18,1,1,1,1,1,1,Calculated
day,2025-11-05,2025-11-05,2025-11-05,Wednesday,34,58.55,79.94,61.66,53.49,70.43,67.15,1,1,1,1,1,1,Calculated
day,2025-01-28,2025-01-28,2025-01-28,Tuesday,35,74.75,85.03,56.55,51.32,40.25,66.77,1,1,1,1,1,1,Calculated
day,2025-11-19,2025-11-19,2025-11-19,Wednesday,36,69.26,85.76,49.36,33.09,59.43,66.64,1,1,1,1,1,1,Calculated
day,2025-01-25,2025-01-25,2025-01-25,Saturday,37,66.75,72.79,71.31,41.14,65.85,66.28,1,1,1,1,1,1,Calculated
day,2025-12-02,2025-12-02,2025-12-02,Tuesday,38,70.09,74.94,44.51,49.17,66.69,66.21,1,1,1,1,1,1,Calculated
day,2025-12-07,2025-12-07,2025-12-07,Sunday,39,70.03,71.14,64.79,64.93,48.94,65.11,1,1,1,1,1,1,Calculated
day,2025-01-06,2025-01-06,2025-01-06,Monday,40,72.24,68.86,59.46,50.62,58.74,65.09,1,1,1,1,1,1,Calculated
day,2025-12-18,2025-12-18,2025-12-18,Thursday,41,66.64,74.64,59.59,55.80,54.46,64.82,1,1,1,1,1,1,Calculated
day,2025-11-18,2025-11-18,2025-11-18,Tuesday,42,65.91,67.28,53.13,50.25,72.02,64.70,1,1,1,1,1,1,Calculated
day,2025-10-29,2025-10-29,2025-10-29,Wednesday,43,69.13,67.42,62.04,36.41,68.74,64.56,1,1,1,1,1,1,Calculated
day,2025-01-16,2025-01-16,2025-01-16,Thursday,44,78.89,70.04,22.47,34.82,70.47,64.50,1,1,1,1,1,1,Calculated
day,2025-11-07,2025-11-07,2025-11-07,Friday,45,60.40,74.18,64.46,25.71,75.44,64.48,1,1,1,1,1,1,Calculated
day,2025-02-12,2025-02-12,2025-02-12,Wednesday,46,67.23,85.68,52.87,38.15,47.50,64.48,1,1,1,1,1,1,Calculated
day,2025-03-03,2025-03-03,2025-03-03,Monday,47,51.45,68.86,63.28,55.18,79.72,63.88,1,1,1,1,1,1,Calculated
day,2025-10-03,2025-10-03,2025-10-03,Friday,48,61.71,71.09,67.38,70.61,50.60,63.76,1,1,1,1,1,1,Calculated
day,2025-12-08,2025-12-08,2025-12-08,Monday,49,66.87,73.60,72.32,25.55,59.02,63.73,1,1,1,1,1,1,Calculated
day,2025-11-04,2025-11-04,2025-11-04,Tuesday,50,63.05,79.79,50.37,40.75,58.82,63.73,1,1,1,1,1,1,Calculated
day,2025-10-23,2025-10-23,2025-10-23,Thursday,51,65.59,83.08,53.21,38.17,49.01,63.54,1,1,1,1,1,1,Calculated
day,2025-11-01,2025-11-01,2025-11-01,Saturday,52,57.31,72.18,47.49,44.38,76.84,63.40,1,1,1,1,1,1,Calculated
day,2025-03-07,2025-03-07,2025-03-07,Friday,53,67.68,60.07,71.74,46.28,66.28,63.38,1,1,1,1,1,1,Calculated
day,2025-10-22,2025-10-22,2025-10-22,Wednesday,54,57.96,77.73,54.53,61.63,55.19,63.36,1,1,1,1,1,1,Calculated
day,2025-09-10,2025-09-10,2025-09-10,Wednesday,55,52.62,64.96,70.60,55.62,76.47,63.19,1,1,1,1,1,1,Calculated
day,2025-11-26,2025-11-26,2025-11-26,Wednesday,56,73.80,70.11,59.80,51.57,44.01,63.11,1,1,1,1,1,1,Calculated
day,2025-11-09,2025-11-09,2025-11-09,Sunday,57,55.27,63.79,58.56,56.20,79.21,63.04,1,1,1,1,1,1,Calculated
day,2025-01-10,2025-01-10,2025-01-10,Friday,58,78.40,83.45,67.65,29.02,23.46,62.92,1,1,1,1,1,1,Calculated
day,2025-12-25,2025-12-25,2025-12-25,Thursday,59,78.77,68.15,60.36,49.13,38.06,62.63,1,1,1,1,1,1,Calculated
day,2025-12-31,2025-12-31,2025-12-31,Wednesday,60,56.54,76.28,65.92,40.07,60.63,62.57,1,1,1,1,1,1,Calculated
day,2025-01-21,2025-01-21,2025-01-21,Tuesday,61,65.93,70.84,60.12,16.38,69.18,62.52,1,1,1,1,1,1,Calculated
day,2025-01-23,2025-01-23,2025-01-23,Thursday,62,68.91,82.89,45.26,29.45,47.28,62.47,1,1,1,1,1,1,Calculated
day,2025-01-20,2025-01-20,2025-01-20,Monday,63,73.65,83.69,54.36,12.29,42.98,62.46,1,1,1,1,1,1,Calculated
day,2025-01-30,2025-01-30,2025-01-30,Thursday,64,62.02,85.09,39.83,45.23,48.67,62.38,1,1,1,1,1,1,Calculated
day,2025-10-08,2025-10-08,2025-10-08,Wednesday,65,72.89,71.65,41.81,60.74,43.78,62.37,1,1,1,1,1,1,Calculated
day,2025-02-17,2025-02-17,2025-02-17,Monday,66,55.66,67.05,66.12,40.42,74.21,62.31,1,1,1,1,1,1,Calculated
day,2025-02-03,2025-02-03,2025-02-03,Monday,67,63.75,81.96,58.73,11.19,57.82,62.27,1,1,1,1,1,1,Calculated
day,2025-02-25,2025-02-25,2025-02-25,Tuesday,68,66.70,75.81,41.15,46.39,53.57,62.22,1,1,1,1,1,1,Calculated
day,2025-10-07,2025-10-07,2025-10-07,Tuesday,69,60.86,62.21,62.51,64.52,62.37,62.10,1,1,1,1,1,1,Calculated
day,2025-03-01,2025-03-01,2025-03-01,Saturday,70,60.24,48.64,65.25,62.31,81.94,61.81,1,1,1,1,1,1,Calculated
day,2025-02-07,2025-02-07,2025-02-07,Friday,71,59.94,68.18,43.66,22.95,83.46,61.79,1,1,1,1,1,1,Calculated
day,2025-02-22,2025-02-22,2025-02-22,Saturday,72,60.79,72.34,75.47,47.46,47.58,61.75,1,1,1,1,1,1,Calculated
day,2025-01-13,2025-01-13,2025-01-13,Monday,73,75.17,78.94,46.28,46.82,30.83,61.71,1,1,1,1,1,1,Calculated
day,2025-11-10,2025-11-10,2025-11-10,Monday,74,65.89,61.89,52.08,22.63,78.77,61.56,1,1,1,1,1,1,Calculated
day,2025-03-06,2025-03-06,2025-03-06,Thursday,75,64.18,68.77,60.23,62.50,46.68,61.50,1,1,1,1,1,1,Calculated
day,2025-10-25,2025-10-25,2025-10-25,Saturday,76,44.08,60.40,61.56,69.95,84.47,61.39,1,1,1,1,1,1,Calculated
day,2025-02-27,2025-02-27,2025-02-27,Thursday,77,66.94,64.63,69.56,49.01,50.11,61.35,1,1,1,1,1,1,Calculated
day,2025-01-12,2025-01-12,2025-01-12,Sunday,78,60.06,77.08,55.05,21.99,61.79,61.20,1,1,1,1,1,1,Calculated
day,2025-01-24,2025-01-24,2025-01-24,Friday,79,64.61,79.44,46.35,62.72,34.80,61.08,1,1,1,1,1,1,Calculated
day,2025-10-27,2025-10-27,2025-10-27,Monday,80,58.61,61.79,53.97,62.41,66.47,61.05,1,1,1,1,1,1,Calculated
day,2025-10-16,2025-10-16,2025-10-16,Thursday,81,60.61,72.46,46.62,46.55,57.04,60.65,1,1,1,1,1,1,Calculated
day,2025-10-31,2025-10-31,2025-10-31,Friday,82,76.02,67.22,32.41,42.01,50.43,60.50,1,1,1,1,1,1,Calculated
day,2025-11-21,2025-11-21,2025-11-21,Friday,83,69.41,74.28,48.23,32.34,46.04,60.37,1,1,1,1,1,1,Calculated
day,2025-09-24,2025-09-24,2025-09-24,Wednesday,84,48.79,59.47,52.47,64.31,80.17,60.19,1,1,1,1,1,1,Calculated
day,2025-12-09,2025-12-09,2025-12-09,Tuesday,85,43.94,73.30,51.67,54.23,72.11,60.18,1,1,1,1,1,1,Calculated
day,2025-02-10,2025-02-10,2025-02-10,Monday,86,56.92,78.66,61.00,66.65,33.43,60.12,1,1,1,1,1,1,Calculated
day,2025-02-05,2025-02-05,2025-02-05,Wednesday,87,73.07,72.25,48.35,39.26,38.48,60.05,1,1,1,1,1,1,Calculated
day,2025-11-14,2025-11-14,2025-11-14,Friday,88,75.62,86.66,66.69,17.10,14.64,59.99,1,1,1,1,1,1,Calculated
day,2025-12-11,2025-12-11,2025-12-11,Thursday,89,64.62,82.09,40.65,37.20,40.96,59.99,1,1,1,1,1,1,Calculated
day,2025-12-27,2025-12-27,2025-12-27,Saturday,90,56.43,67.67,45.20,51.01,63.85,59.62,1,1,1,1,1,1,Calculated
day,2025-01-17,2025-01-17,2025-01-17,Friday,91,72.89,67.63,70.46,15.14,43.95,59.51,1,1,1,1,1,1,Calculated
day,2025-03-05,2025-03-05,2025-03-05,Wednesday,92,59.56,74.52,45.30,56.82,45.17,59.47,1,1,1,1,1,1,Calculated
day,2025-10-11,2025-10-11,2025-10-11,Saturday,93,58.30,66.14,53.18,36.80,64.68,59.27,1,1,1,1,1,1,Calculated
day,2025-03-18,2025-03-18,2025-03-18,Tuesday,94,60.30,67.18,48.43,54.05,52.58,59.01,1,1,1,1,1,1,Calculated
day,2025-09-25,2025-09-25,2025-09-25,Thursday,95,68.81,53.70,40.86,56.05,61.49,58.74,1,1,1,1,1,1,Calculated
day,2025-12-16,2025-12-16,2025-12-16,Tuesday,96,65.60,79.83,56.61,36.02,29.22,58.74,1,1,1,1,1,1,Calculated
day,2025-02-28,2025-02-28,2025-02-28,Friday,97,83.91,61.65,38.22,21.50,45.10,58.66,1,1,1,1,1,1,Calculated
day,2025-10-05,2025-10-05,2025-10-05,Sunday,98,55.14,52.97,60.14,48.88,76.59,58.65,1,1,1,1,1,1,Calculated
day,2025-10-01,2025-10-01,2025-10-01,Wednesday,99,56.58,63.61,72.50,57.70,47.77,58.63,1,1,1,1,1,1,Calculated
day,2025-03-13,2025-03-13,2025-03-13,Thursday,100,56.34,73.48,51.83,52.15,46.34,58.61,1,1,1,1,1,1,Calculated
day,2025-10-19,2025-10-19,2025-10-19,Sunday,101,60.57,41.72,59.10,78.56,70.34,58.52,1,1,1,1,1,1,Calculated
day,2025-10-09,2025-10-09,2025-10-09,Thursday,102,52.29,67.75,58.03,70.69,47.91,58.47,1,1,1,1,1,1,Calculated
day,2025-02-24,2025-02-24,2025-02-24,Monday,103,55.54,67.68,51.71,47.93,57.40,58.41,1,1,1,1,1,1,Calculated
day,2025-03-15,2025-03-15,2025-03-15,Saturday,104,42.20,48.49,45.79,65.76,100.00,58.36,1,1,1,1,1,1,Calculated
day,2025-02-14,2025-02-14,2025-02-14,Friday,105,56.01,62.10,67.76,31.12,64.57,58.24,1,1,1,1,1,1,Calculated
day,2025-01-07,2025-01-07,2025-01-07,Tuesday,106,73.42,65.41,43.36,58.14,31.84,58.17,1,1,1,1,1,1,Calculated
day,2025-04-15,2025-04-15,2025-04-15,Tuesday,107,49.77,58.18,65.71,32.92,78.60,57.96,1,1,1,1,1,1,Calculated
day,2025-05-22,2025-05-22,2025-05-22,Thursday,108,51.64,59.34,58.99,66.21,60.52,57.92,1,1,1,1,1,1,Calculated
day,2025-03-26,2025-03-26,2025-03-26,Wednesday,109,59.80,65.81,54.53,54.65,46.49,57.90,1,1,1,1,1,1,Calculated
day,2025-06-18,2025-06-18,2025-06-18,Wednesday,110,52.86,44.75,64.72,39.53,90.80,57.87,1,1,1,1,1,1,Calculated
day,2025-10-17,2025-10-17,2025-10-17,Friday,111,59.95,74.08,48.05,40.13,43.95,57.82,1,1,1,1,1,1,Calculated
day,2025-11-15,2025-11-15,2025-11-15,Saturday,112,57.09,63.61,72.33,37.69,52.46,57.70,1,1,1,1,1,1,Calculated
day,2025-02-04,2025-02-04,2025-02-04,Tuesday,113,68.62,66.00,37.92,48.33,42.15,57.44,1,1,1,1,1,1,Calculated
day,2025-04-07,2025-04-07,2025-04-07,Monday,114,57.57,66.72,57.43,41.49,50.79,57.33,1,1,1,1,1,1,Calculated
day,2025-11-03,2025-11-03,2025-11-03,Monday,115,61.68,59.33,45.89,69.43,47.06,57.24,1,1,1,1,1,1,Calculated
day,2025-01-03,2025-01-03,2025-01-03,Friday,116,67.91,67.43,45.30,59.81,30.39,57.19,1,1,1,1,1,1,Calculated
day,2025-10-14,2025-10-14,2025-10-14,Tuesday,117,53.23,65.68,76.59,21.95,57.92,57.11,1,1,1,1,1,1,Calculated
day,2025-11-23,2025-11-23,2025-11-23,Sunday,118,62.63,74.36,36.04,47.19,37.44,56.91,1,1,1,1,1,1,Calculated
day,2025-10-20,2025-10-20,2025-10-20,Monday,119,53.46,68.44,47.35,42.92,56.37,56.87,1,1,1,1,1,1,Calculated
day,2025-01-04,2025-01-04,2025-01-04,Saturday,120,64.89,67.35,58.16,37.28,37.96,56.81,1,1,1,1,1,1,Calculated
day,2025-01-09,2025-01-09,2025-01-09,Thursday,121,74.80,71.08,55.93,24.06,25.01,56.76,1,1,1,1,1,1,Calculated
day,2025-02-13,2025-02-13,2025-02-13,Thursday,122,67.76,59.11,61.10,47.38,39.17,56.74,1,1,1,1,1,1,Calculated
day,2025-01-18,2025-01-18,2025-01-18,Saturday,123,52.36,58.94,61.56,43.72,63.68,56.65,1,1,1,1,1,1,Calculated
day,2025-02-06,2025-02-06,2025-02-06,Thursday,124,64.06,69.56,22.61,39.86,51.27,56.59,1,1,1,1,1,1,Calculated
day,2025-08-19,2025-08-19,2025-08-19,Tuesday,125,52.46,71.44,57.15,45.72,45.58,56.57,1,1,1,1,1,1,Calculated
day,2025-01-11,2025-01-11,2025-01-11,Saturday,126,60.67,64.81,37.46,42.52,54.45,56.53,1,1,1,1,1,1,Calculated
day,2025-09-09,2025-09-09,2025-09-09,Tuesday,127,53.43,74.70,36.63,14.87,64.29,56.45,1,1,1,1,1,1,Calculated
day,2025-12-21,2025-12-21,2025-12-21,Sunday,128,72.65,60.94,50.56,27.08,42.55,56.35,1,1,1,1,1,1,Calculated
day,2025-06-13,2025-06-13,2025-06-13,Friday,129,47.04,42.38,67.12,34.97,95.99,56.23,1,1,1,1,1,1,Calculated
day,2025-09-18,2025-09-18,2025-09-18,Thursday,130,46.51,60.80,53.89,38.12,73.67,56.13,1,1,1,1,1,1,Calculated
day,2025-10-30,2025-10-30,2025-10-30,Thursday,131,56.45,63.75,56.69,30.38,56.68,56.10,1,1,1,1,1,1,Calculated
day,2025-02-01,2025-02-01,2025-02-01,Saturday,132,58.20,64.48,50.30,66.05,38.10,56.06,1,1,1,1,1,1,Calculated
day,2025-01-19,2025-01-19,2025-01-19,Sunday,133,59.23,74.40,51.94,39.98,33.57,55.99,1,1,1,1,1,1,Calculated
day,2025-10-21,2025-10-21,2025-10-21,Tuesday,134,59.16,83.45,45.64,41.18,21.88,55.84,1,1,1,1,1,1,Calculated
day,2025-09-15,2025-09-15,2025-09-15,Monday,135,48.13,58.01,66.35,40.46,66.30,55.78,1,1,1,1,1,1,Calculated
day,2025-04-23,2025-04-23,2025-04-23,Wednesday,136,41.69,49.14,70.81,70.47,71.77,55.73,1,1,1,1,1,1,Calculated
day,2025-08-20,2025-08-20,2025-08-20,Wednesday,137,51.46,68.38,55.62,47.44,46.56,55.57,1,1,1,1,1,1,Calculated
day,2025-11-16,2025-11-16,2025-11-16,Sunday,138,61.27,67.19,51.76,62.37,28.08,55.57,1,1,1,1,1,1,Calculated
day,2025-03-27,2025-03-27,2025-03-27,Thursday,139,54.74,49.77,63.27,37.01,70.71,55.53,1,1,1,1,1,1,Calculated
day,2025-02-26,2025-02-26,2025-02-26,Wednesday,140,66.56,59.81,49.14,60.53,33.22,55.52,1,1,1,1,1,1,Calculated
day,2025-07-09,2025-07-09,2025-07-09,Wednesday,141,50.05,45.17,54.75,31.33,90.97,55.37,1,1,1,1,1,1,Calculated
day,2025-06-10,2025-06-10,2025-06-10,Tuesday,142,41.13,61.23,56.26,62.76,63.37,55.28,1,1,1,1,1,1,Calculated
day,2025-10-26,2025-10-26,2025-10-26,Sunday,143,50.20,57.66,48.65,40.52,69.63,55.20,1,1,1,1,1,1,Calculated
day,2025-10-15,2025-10-15,2025-10-15,Wednesday,144,60.17,66.69,78.57,26.02,32.97,55.11,1,1,1,1,1,1,Calculated
day,2025-03-24,2025-03-24,2025-03-24,Monday,145,42.97,69.77,49.87,71.33,45.29,55.00,1,1,1,1,1,1,Calculated
day,2025-02-11,2025-02-11,2025-02-11,Tuesday,146,65.26,71.52,49.24,17.60,36.40,55.00,1,1,1,1,1,1,Calculated
day,2025-09-26,2025-09-26,2025-09-26,Friday,147,52.22,71.79,37.44,39.53,50.46,54.99,1,1,1,1,1,1,Calculated
day,2025-12-20,2025-12-20,2025-12-20,Saturday,148,64.68,53.48,55.48,67.45,36.18,54.98,1,1,1,1,1,1,Calculated
day,2025-01-27,2025-01-27,2025-01-27,Monday,149,62.22,72.47,67.70,46.01,15.88,54.95,1,1,1,1,1,1,Calculated
day,2025-03-14,2025-03-14,2025-03-14,Friday,150,65.26,52.48,50.38,57.62,43.51,54.82,1,1,1,1,1,1,Calculated
day,2025-08-15,2025-08-15,2025-08-15,Friday,151,46.26,52.25,74.67,66.98,55.01,54.72,1,1,1,1,1,1,Calculated
day,2025-09-08,2025-09-08,2025-09-08,Monday,152,53.96,62.31,48.77,48.20,50.23,54.62,1,1,1,1,1,1,Calculated
day,2025-11-20,2025-11-20,2025-11-20,Thursday,153,66.31,69.66,53.09,49.52,16.74,54.40,1,1,1,1,1,1,Calculated
day,2025-12-04,2025-12-04,2025-12-04,Thursday,154,59.86,73.70,79.61,38.81,12.44,54.40,1,1,1,1,1,1,Calculated
day,2025-09-04,2025-09-04,2025-09-04,Thursday,155,47.40,60.87,54.76,54.32,55.01,54.39,1,1,1,1,1,1,Calculated
day,2025-05-12,2025-05-12,2025-05-12,Monday,156,50.59,53.37,47.36,43.47,70.55,54.38,1,1,1,1,1,1,Calculated
day,2025-09-16,2025-09-16,2025-09-16,Tuesday,157,49.56,51.73,59.38,56.05,62.07,54.34,1,1,1,1,1,1,Calculated
day,2025-10-28,2025-10-28,2025-10-28,Tuesday,158,50.99,72.76,56.91,24.87,44.84,54.27,1,1,1,1,1,1,Calculated
day,2025-02-19,2025-02-19,2025-02-19,Wednesday,159,56.10,67.80,69.10,23.17,38.22,54.04,1,1,1,1,1,1,Calculated
day,2025-09-22,2025-09-22,2025-09-22,Monday,160,55.70,74.22,53.62,2.54,47.16,54.02,1,1,1,1,1,1,Calculated
day,2025-04-02,2025-04-02,2025-04-02,Wednesday,161,49.67,56.69,47.57,35.67,68.54,53.94,1,1,1,1,1,1,Calculated
day,2025-03-12,2025-03-12,2025-03-12,Wednesday,162,59.92,55.01,55.50,37.15,50.84,53.91,1,1,1,1,1,1,Calculated
day,2025-10-10,2025-10-10,2025-10-10,Friday,163,63.98,65.10,60.41,46.82,21.61,53.77,1,1,1,1,1,1,Calculated
day,2025-08-25,2025-08-25,2025-08-25,Monday,164,46.07,44.69,61.83,53.74,74.27,53.64,1,1,1,1,1,1,Calculated
day,2025-04-10,2025-04-10,2025-04-10,Thursday,165,46.89,58.42,57.31,45.02,58.50,53.53,1,1,1,1,1,1,Calculated
day,2025-09-07,2025-09-07,2025-09-07,Sunday,166,34.77,54.73,46.10,64.02,78.18,53.50,1,1,1,1,1,1,Calculated
day,2025-09-13,2025-09-13,2025-09-13,Saturday,167,46.24,61.43,51.34,43.74,58.22,53.46,1,1,1,1,1,1,Calculated
day,2025-09-27,2025-09-27,2025-09-27,Saturday,168,46.31,47.79,78.47,47.25,62.92,53.38,1,1,1,1,1,1,Calculated
day,2025-04-25,2025-04-25,2025-04-25,Friday,169,45.48,73.51,65.50,9.77,50.41,53.31,1,1,1,1,1,1,Calculated
day,2025-10-13,2025-10-13,2025-10-13,Monday,170,59.24,64.69,54.23,25.49,40.65,53.28,1,1,1,1,1,1,Calculated
day,2025-11-22,2025-11-22,2025-11-22,Saturday,171,57.77,58.84,46.96,62.04,35.85,53.05,1,1,1,1,1,1,Calculated
day,2025-09-19,2025-09-19,2025-09-19,Friday,172,61.17,53.70,51.88,52.83,40.53,53.04,1,1,1,1,1,1,Calculated
day,2025-11-28,2025-11-28,2025-11-28,Friday,173,63.25,77.18,39.48,6.15,31.73,53.04,1,1,1,1,1,1,Calculated
day,2025-04-14,2025-04-14,2025-04-14,Monday,174,41.46,49.66,57.66,53.47,72.20,52.89,1,1,1,1,1,1,Calculated
day,2025-02-15,2025-02-15,2025-02-15,Saturday,175,59.90,53.70,64.43,50.89,36.00,52.81,1,1,1,1,1,1,Calculated
day,2025-08-01,2025-08-01,2025-08-01,Friday,176,36.02,41.56,57.04,75.84,80.85,52.73,1,1,1,1,1,1,Calculated
day,2025-10-06,2025-10-06,2025-10-06,Monday,177,57.71,54.15,47.25,28.79,57.81,52.72,1,1,1,1,1,1,Calculated
day,2025-12-14,2025-12-14,2025-12-14,Sunday,178,63.79,61.42,48.05,41.76,30.89,52.72,1,1,1,1,1,1,Calculated
day,2025-03-04,2025-03-04,2025-03-04,Tuesday,179,53.35,61.85,44.87,47.54,43.81,52.56,1,1,1,1,1,1,Calculated
day,2025-12-28,2025-12-28,2025-12-28,Sunday,180,60.30,65.18,63.27,20.88,32.26,52.51,1,1,1,1,1,1,Calculated
day,2025-10-12,2025-10-12,2025-10-12,Sunday,181,48.58,48.91,51.05,38.62,71.32,52.48,1,1,1,1,1,1,Calculated
day,2025-02-18,2025-02-18,2025-02-18,Tuesday,182,53.51,66.41,48.32,50.93,31.83,52.26,1,1,1,1,1,1,Calculated
day,2025-11-13,2025-11-13,2025-11-13,Thursday,183,61.90,67.08,63.43,15.57,28.32,52.26,1,1,1,1,1,1,Calculated
day,2025-12-03,2025-12-03,2025-12-03,Wednesday,184,64.94,81.04,58.83,24.18,0.28,52.15,1,1,1,1,1,1,Calculated
day,2025-09-17,2025-09-17,2025-09-17,Wednesday,185,56.31,56.46,44.35,56.24,40.33,51.96,1,1,1,1,1,1,Calculated
day,2025-11-02,2025-11-02,2025-11-02,Sunday,186,51.83,49.89,43.94,65.45,52.40,51.94,1,1,1,1,1,1,Calculated
day,2025-05-14,2025-05-14,2025-05-14,Wednesday,187,45.33,62.50,35.61,12.52,73.65,51.89,1,1,1,1,1,1,Calculated
day,2025-07-22,2025-07-22,2025-07-22,Tuesday,188,53.36,58.32,53.40,54.27,37.80,51.83,1,1,1,1,1,1,Calculated
day,2025-01-26,2025-01-26,2025-01-26,Sunday,189,66.19,45.13,59.08,52.48,36.21,51.79,1,1,1,1,1,1,Calculated
day,2025-02-08,2025-02-08,2025-02-08,Saturday,190,47.97,66.02,58.17,51.30,32.61,51.67,1,1,1,1,1,1,Calculated
day,2025-07-30,2025-07-30,2025-07-30,Wednesday,191,45.27,65.11,71.14,39.71,37.21,51.64,1,1,1,1,1,1,Calculated
day,2025-07-14,2025-07-14,2025-07-14,Monday,192,45.60,58.78,67.35,52.02,41.85,51.62,1,1,1,1,1,1,Calculated
day,2025-09-21,2025-09-21,2025-09-21,Sunday,193,45.16,34.71,54.41,52.87,84.66,51.62,1,1,1,1,1,1,Calculated
day,2025-04-28,2025-04-28,2025-04-28,Monday,194,39.58,55.95,49.84,76.95,51.24,51.58,1,1,1,1,1,1,Calculated
day,2025-11-08,2025-11-08,2025-11-08,Saturday,195,49.33,62.22,30.86,58.84,45.40,51.52,1,1,1,1,1,1,Calculated
day,2025-04-22,2025-04-22,2025-04-22,Tuesday,196,54.27,60.61,47.07,28.42,47.28,51.47,1,1,1,1,1,1,Calculated
day,2025-04-21,2025-04-21,2025-04-21,Monday,197,47.90,53.20,38.53,32.16,70.10,51.42,1,1,1,1,1,1,Calculated
day,2025-09-11,2025-09-11,2025-09-11,Thursday,198,53.12,49.93,58.86,57.08,44.44,51.40,1,1,1,1,1,1,Calculated
day,2025-11-30,2025-11-30,2025-11-30,Sunday,199,61.21,64.91,51.97,52.75,15.32,51.37,1,1,1,1,1,1,Calculated
day,2025-08-21,2025-08-21,2025-08-21,Thursday,200,34.89,57.27,45.63,56.88,66.89,51.28,1,1,1,1,1,1,Calculated
day,2025-07-23,2025-07-23,2025-07-23,Wednesday,201,46.09,41.27,48.10,56.15,71.87,51.01,1,1,1,1,1,1,Calculated
day,2025-04-03,2025-04-03,2025-04-03,Thursday,202,52.91,66.93,70.86,38.10,20.42,50.93,1,1,1,1,1,1,Calculated
day,2025-08-28,2025-08-28,2025-08-28,Thursday,203,54.47,55.25,44.59,39.94,47.44,50.86,1,1,1,1,1,1,Calculated
day,2025-06-06,2025-06-06,2025-06-06,Friday,204,53.20,51.47,63.90,30.83,49.89,50.85,1,1,1,1,1,1,Calculated
day,2025-10-02,2025-10-02,2025-10-02,Thursday,205,59.13,59.72,62.27,28.62,30.55,50.85,1,1,1,1,1,1,Calculated
day,2025-08-08,2025-08-08,2025-08-08,Friday,206,52.99,41.12,62.41,55.93,53.58,50.78,1,1,1,1,1,1,Calculated
day,2025-03-08,2025-03-08,2025-03-08,Saturday,207,39.32,52.52,32.25,11.75,93.61,50.68,1,1,1,1,1,1,Calculated
day,2025-09-30,2025-09-30,2025-09-30,Tuesday,208,67.16,66.69,68.03,17.74,9.65,50.66,1,1,1,1,1,1,Calculated
day,2025-12-13,2025-12-13,2025-12-13,Saturday,209,61.28,57.73,59.07,31.19,28.71,50.47,1,1,1,1,1,1,Calculated
day,2025-04-18,2025-04-18,2025-04-18,Friday,210,52.49,52.21,43.91,41.10,51.85,50.28,1,1,1,1,1,1,Calculated
day,2025-03-31,2025-03-31,2025-03-31,Monday,211,56.72,47.45,48.93,23.85,57.83,50.10,1,1,1,1,1,1,Calculated
day,2025-11-29,2025-11-29,2025-11-29,Saturday,212,47.20,62.93,42.57,32.65,46.79,49.92,1,1,1,1,1,1,Calculated
day,2025-08-13,2025-08-13,2025-08-13,Wednesday,213,31.25,54.02,77.31,51.45,57.00,49.86,1,1,1,1,1,1,Calculated
day,2025-03-20,2025-03-20,2025-03-20,Thursday,214,50.73,64.81,55.79,38.58,27.11,49.52,1,1,1,1,1,1,Calculated
day,2025-07-28,2025-07-28,2025-07-28,Monday,215,40.02,45.92,64.58,51.74,60.38,49.49,1,1,1,1,1,1,Calculated
day,2025-10-18,2025-10-18,2025-10-18,Saturday,216,38.80,63.93,55.13,49.55,41.00,49.49,1,1,1,1,1,1,Calculated
day,2025-09-23,2025-09-23,2025-09-23,Tuesday,217,47.36,50.51,63.82,52.68,41.75,49.36,1,1,1,1,1,1,Calculated
day,2025-04-17,2025-04-17,2025-04-17,Thursday,218,52.91,43.23,44.09,40.69,60.17,49.35,1,1,1,1,1,1,Calculated
day,2025-08-16,2025-08-16,2025-08-16,Saturday,219,29.78,52.29,46.26,64.25,66.39,48.95,1,1,1,1,1,1,Calculated
day,2025-03-17,2025-03-17,2025-03-17,Monday,220,48.99,59.54,31.76,32.53,49.12,48.81,1,1,1,1,1,1,Calculated
day,2025-03-25,2025-03-25,2025-03-25,Tuesday,221,44.73,54.15,56.26,10.24,62.44,48.80,1,1,1,1,1,1,Calculated
day,2025-03-19,2025-03-19,2025-03-19,Wednesday,222,63.29,54.09,59.37,61.30,7.55,48.79,1,1,1,1,1,1,Calculated
day,2025-04-19,2025-04-19,2025-04-19,Saturday,223,41.80,39.66,73.33,62.85,53.25,48.71,1,1,1,1,1,1,Calculated
day,2025-09-05,2025-09-05,2025-09-05,Friday,224,45.24,49.76,42.31,37.59,61.03,48.69,1,1,1,1,1,1,Calculated
day,2025-04-29,2025-04-29,2025-04-29,Tuesday,225,49.51,42.60,81.67,43.56,42.23,48.60,1,1,1,1,1,1,Calculated
day,2025-04-04,2025-04-04,2025-04-04,Friday,226,45.99,47.89,54.92,38.13,55.36,48.54,1,1,1,1,1,1,Calculated
day,2025-02-20,2025-02-20,2025-02-20,Thursday,227,59.07,70.82,36.71,26.89,15.85,48.50,1,1,1,1,1,1,Calculated
day,2025-03-09,2025-03-09,2025-03-09,Sunday,228,61.07,36.78,51.41,61.94,38.86,48.46,1,1,1,1,1,1,Calculated
day,2025-05-31,2025-05-31,2025-05-31,Saturday,229,43.73,31.32,53.45,42.05,81.72,48.41,1,1,1,1,1,1,Calculated
day,2025-03-16,2025-03-16,2025-03-16,Sunday,230,35.70,53.41,65.92,46.03,52.04,48.34,1,1,1,1,1,1,Calculated
day,2025-07-21,2025-07-21,2025-07-21,Monday,231,49.34,50.33,73.13,52.46,28.54,48.17,1,1,1,1,1,1,Calculated
day,2025-07-03,2025-07-03,2025-07-03,Thursday,232,36.64,42.58,58.07,61.48,62.21,48.16,1,1,1,1,1,1,Calculated
day,2025-03-23,2025-03-23,2025-03-23,Sunday,233,35.24,55.40,45.08,25.92,69.17,48.13,1,1,1,1,1,1,Calculated
day,2025-08-06,2025-08-06,2025-08-06,Wednesday,234,48.15,45.72,60.60,66.71,35.67,48.03,1,1,1,1,1,1,Calculated
day,2025-07-02,2025-07-02,2025-07-02,Wednesday,235,46.63,48.06,52.62,32.80,54.46,47.84,1,1,1,1,1,1,Calculated
day,2025-07-04,2025-07-04,2025-07-04,Friday,236,44.91,38.99,44.79,58.14,61.72,47.81,1,1,1,1,1,1,Calculated
day,2025-08-27,2025-08-27,2025-08-27,Wednesday,237,44.10,28.73,72.79,68.90,58.90,47.80,1,1,1,1,1,1,Calculated
day,2025-04-08,2025-04-08,2025-04-08,Tuesday,238,47.13,57.91,40.07,44.20,39.12,47.76,1,1,1,1,1,1,Calculated
day,2025-05-08,2025-05-08,2025-05-08,Thursday,239,40.38,38.23,70.63,41.06,64.95,47.74,1,1,1,1,1,1,Calculated
day,2025-04-12,2025-04-12,2025-04-12,Saturday,240,41.00,45.58,68.97,60.64,43.74,47.68,1,1,1,1,1,1,Calculated
day,2025-05-29,2025-05-29,2025-05-29,Thursday,241,42.44,43.27,56.40,48.74,54.78,47.18,1,1,1,1,1,1,Calculated
day,2025-09-12,2025-09-12,2025-09-12,Friday,242,48.03,55.35,47.80,42.87,35.16,47.11,1,1,1,1,1,1,Calculated
day,2025-02-09,2025-02-09,2025-02-09,Sunday,243,51.97,58.12,51.15,34.45,27.61,47.11,1,1,1,1,1,1,Calculated
day,2025-06-04,2025-06-04,2025-06-04,Wednesday,244,39.45,33.97,63.42,33.73,76.30,47.00,1,1,1,1,1,1,Calculated
day,2025-05-23,2025-05-23,2025-05-23,Friday,245,56.09,30.64,51.91,66.19,45.36,46.90,1,1,1,1,1,1,Calculated
day,2025-02-02,2025-02-02,2025-02-02,Sunday,246,40.98,58.84,61.87,38.04,34.61,46.86,1,1,1,1,1,1,Calculated
day,2025-02-23,2025-02-23,2025-02-23,Sunday,247,37.97,61.44,38.64,36.39,47.47,46.82,1,1,1,1,1,1,Calculated
day,2025-05-06,2025-05-06,2025-05-06,Tuesday,248,34.77,45.88,58.33,54.87,56.05,46.73,1,1,1,1,1,1,Calculated
day,2025-04-16,2025-04-16,2025-04-16,Wednesday,249,48.87,41.78,37.82,37.46,59.27,46.58,1,1,1,1,1,1,Calculated
day,2025-10-04,2025-10-04,2025-10-04,Saturday,250,29.66,59.86,41.44,22.06,66.76,46.56,1,1,1,1,1,1,Calculated
day,2025-08-07,2025-08-07,2025-08-07,Thursday,251,44.21,34.32,36.10,30.46,81.52,46.52,1,1,1,1,1,1,Calculated
day,2025-05-07,2025-05-07,2025-05-07,Wednesday,252,46.44,55.52,59.62,40.75,28.67,46.36,1,1,1,1,1,1,Calculated
day,2025-04-01,2025-04-01,2025-04-01,Tuesday,253,45.25,44.20,45.30,43.89,52.79,46.31,1,1,1,1,1,1,Calculated
day,2025-05-17,2025-05-17,2025-05-17,Saturday,254,43.00,28.75,71.62,49.32,63.41,46.30,1,1,1,1,1,1,Calculated
day,2025-08-04,2025-08-04,2025-08-04,Monday,255,42.51,63.75,47.86,22.97,36.29,46.22,1,1,1,1,1,1,Calculated
day,2025-05-27,2025-05-27,2025-05-27,Tuesday,256,32.08,43.06,40.40,50.27,72.92,46.19,1,1,1,1,1,1,Calculated
day,2025-05-02,2025-05-02,2025-05-02,Friday,257,39.79,40.41,59.37,100.00,30.96,46.19,1,1,1,1,1,1,Calculated
day,2025-05-16,2025-05-16,2025-05-16,Friday,258,43.68,45.06,57.39,35.32,51.34,46.16,1,1,1,1,1,1,Calculated
day,2025-03-11,2025-03-11,2025-03-11,Tuesday,259,54.35,60.17,51.88,30.61,17.60,46.12,1,1,1,1,1,1,Calculated
day,2025-08-26,2025-08-26,2025-08-26,Tuesday,260,38.54,49.75,48.26,41.35,53.05,46.06,1,1,1,1,1,1,Calculated
day,2025-08-14,2025-08-14,2025-08-14,Thursday,261,43.35,48.70,49.50,63.82,35.20,45.99,1,1,1,1,1,1,Calculated
day,2025-09-01,2025-09-01,2025-09-01,Monday,262,41.22,49.06,33.43,27.41,63.11,45.79,1,1,1,1,1,1,Calculated
day,2025-07-19,2025-07-19,2025-07-19,Saturday,263,37.96,37.74,65.87,9.36,77.53,45.74,1,1,1,1,1,1,Calculated
day,2025-06-02,2025-06-02,2025-06-02,Monday,264,40.12,48.50,51.16,29.68,55.17,45.71,1,1,1,1,1,1,Calculated
day,2025-06-11,2025-06-11,2025-06-11,Wednesday,265,35.43,30.66,72.31,37.05,74.04,45.57,1,1,1,1,1,1,Calculated
day,2025-05-20,2025-05-20,2025-05-20,Tuesday,266,41.84,42.49,60.99,59.89,40.80,45.55,1,1,1,1,1,1,Calculated
day,2025-03-21,2025-03-21,2025-03-21,Friday,267,52.85,54.69,49.07,13.26,35.06,45.51,1,1,1,1,1,1,Calculated
day,2025-05-04,2025-05-04,2025-05-04,Sunday,268,44.23,23.14,52.67,63.11,67.32,45.25,1,1,1,1,1,1,Calculated
day,2025-07-15,2025-07-15,2025-07-15,Tuesday,269,39.65,55.92,44.36,27.84,46.71,45.23,1,1,1,1,1,1,Calculated
day,2025-07-25,2025-07-25,2025-07-25,Friday,270,35.93,47.45,58.74,31.78,55.30,45.13,1,1,1,1,1,1,Calculated
day,2025-07-08,2025-07-08,2025-07-08,Tuesday,271,41.46,42.02,47.56,50.68,51.16,45.10,1,1,1,1,1,1,Calculated
day,2025-03-29,2025-03-29,2025-03-29,Saturday,272,31.59,46.90,44.00,82.36,44.45,45.07,1,1,1,1,1,1,Calculated
day,2025-03-22,2025-03-22,2025-03-22,Saturday,273,36.07,30.28,60.65,16.13,87.41,45.07,1,1,1,1,1,1,Calculated
day,2025-08-23,2025-08-23,2025-08-23,Saturday,274,36.44,37.33,42.99,42.50,71.49,44.98,1,1,1,1,1,1,Calculated
day,2025-07-10,2025-07-10,2025-07-10,Thursday,275,44.04,55.73,47.65,36.23,32.58,44.83,1,1,1,1,1,1,Calculated
day,2025-06-16,2025-06-16,2025-06-16,Monday,276,38.65,60.14,56.59,39.14,27.66,44.74,1,1,1,1,1,1,Calculated
day,2025-08-18,2025-08-18,2025-08-18,Monday,277,31.71,44.86,66.60,57.89,46.37,44.70,1,1,1,1,1,1,Calculated
day,2025-05-11,2025-05-11,2025-05-11,Sunday,278,34.59,17.09,65.55,43.95,90.37,44.53,1,1,1,1,1,1,Calculated
day,2025-04-26,2025-04-26,2025-04-26,Saturday,279,44.00,29.62,45.92,61.79,57.71,44.40,1,1,1,1,1,1,Calculated
day,2025-04-09,2025-04-09,2025-04-09,Wednesday,280,49.96,46.00,34.61,41.43,39.23,44.24,1,1,1,1,1,1,Calculated
day,2025-04-11,2025-04-11,2025-04-11,Friday,281,39.62,43.46,49.17,46.03,48.75,44.20,1,1,1,1,1,1,Calculated
day,2025-09-03,2025-09-03,2025-09-03,Wednesday,282,38.74,53.73,38.29,21.40,52.41,44.19,1,1,1,1,1,1,Calculated
day,2025-07-17,2025-07-17,2025-07-17,Thursday,283,47.38,22.59,56.75,52.93,60.08,43.97,1,1,1,1,1,1,Calculated
day,2025-09-06,2025-09-06,2025-09-06,Saturday,284,44.22,40.43,68.49,72.92,21.77,43.89,1,1,1,1,1,1,Calculated
day,2025-04-05,2025-04-05,2025-04-05,Saturday,285,51.03,25.64,62.39,32.63,55.26,43.55,1,1,1,1,1,1,Calculated
day,2025-02-16,2025-02-16,2025-02-16,Sunday,286,42.64,56.34,49.69,17.12,35.78,43.53,1,1,1,1,1,1,Calculated
day,2025-03-30,2025-03-30,2025-03-30,Sunday,287,35.82,50.34,36.89,31.74,53.55,43.42,1,1,1,1,1,1,Calculated
day,2025-06-28,2025-06-28,2025-06-28,Saturday,288,36.69,23.49,59.40,80.88,56.66,43.42,1,1,1,1,1,1,Calculated
day,2025-09-02,2025-09-02,2025-09-02,Tuesday,289,47.94,51.65,38.25,24.64,35.90,43.35,1,1,1,1,1,1,Calculated
day,2025-06-21,2025-06-21,2025-06-21,Saturday,290,35.06,25.20,62.40,68.71,60.03,43.19,1,1,1,1,1,1,Calculated
day,2025-04-30,2025-04-30,2025-04-30,Wednesday,291,46.21,44.14,43.87,41.28,37.25,43.07,1,1,1,1,1,1,Calculated
day,2025-08-22,2025-08-22,2025-08-22,Friday,292,36.80,49.56,48.06,42.57,39.98,42.97,1,1,1,1,1,1,Calculated
day,2025-06-12,2025-06-12,2025-06-12,Thursday,293,37.29,37.06,42.33,58.20,51.94,42.74,1,1,1,1,1,1,Calculated
day,2025-05-09,2025-05-09,2025-05-09,Friday,294,42.18,27.92,35.83,44.73,68.09,42.70,1,1,1,1,1,1,Calculated
day,2025-05-19,2025-05-19,2025-05-19,Monday,295,35.38,49.27,47.45,61.40,31.46,42.57,1,1,1,1,1,1,Calculated
day,2025-05-13,2025-05-13,2025-05-13,Tuesday,296,38.63,54.87,52.68,37.84,26.88,42.48,1,1,1,1,1,1,Calculated
day,2025-07-31,2025-07-31,2025-07-31,Thursday,297,50.80,21.96,79.94,33.13,46.39,42.41,1,1,1,1,1,1,Calculated
day,2025-03-28,2025-03-28,2025-03-28,Friday,298,46.64,33.88,56.07,26.48,49.35,42.28,1,1,1,1,1,1,Calculated
day,2025-08-11,2025-08-11,2025-08-11,Monday,299,33.50,45.08,39.77,38.70,54.16,42.26,1,1,1,1,1,1,Calculated
day,2025-07-18,2025-07-18,2025-07-18,Friday,300,52.36,40.89,48.33,49.32,21.41,42.02,1,1,1,1,1,1,Calculated
day,2025-07-07,2025-07-07,2025-07-07,Monday,301,44.61,34.30,56.56,29.84,48.54,42.02,1,1,1,1,1,1,Calculated
day,2025-07-29,2025-07-29,2025-07-29,Tuesday,302,31.88,36.86,59.41,41.37,56.57,42.01,1,1,1,1,1,1,Calculated
day,2025-05-03,2025-05-03,2025-05-03,Saturday,303,31.82,26.72,61.20,20.34,81.26,41.97,1,1,1,1,1,1,Calculated
day,2025-05-05,2025-05-05,2025-05-05,Monday,304,38.26,34.22,59.34,62.49,38.79,41.69,1,1,1,1,1,1,Calculated
day,2025-06-23,2025-06-23,2025-06-23,Monday,305,40.40,45.94,44.69,32.80,39.88,41.63,1,1,1,1,1,1,Calculated
day,2025-05-26,2025-05-26,2025-05-26,Monday,306,33.83,46.33,60.59,23.56,44.92,41.45,1,1,1,1,1,1,Calculated
day,2025-09-14,2025-09-14,2025-09-14,Sunday,307,54.11,38.85,47.06,29.16,29.25,41.36,1,1,1,1,1,1,Calculated
day,2025-07-26,2025-07-26,2025-07-26,Saturday,308,40.06,47.55,39.85,28.29,41.12,41.32,1,1,1,1,1,1,Calculated
day,2025-07-12,2025-07-12,2025-07-12,Saturday,309,28.48,30.23,44.18,61.69,64.12,41.02,1,1,1,1,1,1,Calculated
day,2025-08-24,2025-08-24,2025-08-24,Sunday,310,31.68,36.65,44.31,32.05,64.03,40.94,1,1,1,1,1,1,Calculated
day,2025-08-12,2025-08-12,2025-08-12,Tuesday,311,30.30,42.93,52.12,30.22,53.02,40.81,1,1,1,1,1,1,Calculated
day,2025-07-24,2025-07-24,2025-07-24,Thursday,312,37.70,44.61,56.98,43.83,29.88,40.75,1,1,1,1,1,1,Calculated
day,2025-06-15,2025-06-15,2025-06-15,Sunday,313,44.44,15.43,66.24,76.17,42.52,40.70,1,1,1,1,1,1,Calculated
day,2025-07-13,2025-07-13,2025-07-13,Sunday,314,34.07,39.79,69.59,47.25,33.98,40.64,1,1,1,1,1,1,Calculated
day,2025-08-31,2025-08-31,2025-08-31,Sunday,315,45.78,37.22,45.91,29.41,40.84,40.60,1,1,1,1,1,1,Calculated
day,2025-07-06,2025-07-06,2025-07-06,Sunday,316,30.16,21.08,67.18,47.94,68.56,40.60,1,1,1,1,1,1,Calculated
day,2025-04-13,2025-04-13,2025-04-13,Sunday,317,41.76,35.90,62.34,22.30,43.35,40.43,1,1,1,1,1,1,Calculated
day,2025-05-18,2025-05-18,2025-05-18,Sunday,318,36.58,33.43,45.87,13.71,65.78,40.12,1,1,1,1,1,1,Calculated
day,2025-04-24,2025-04-24,2025-04-24,Thursday,319,42.46,26.90,46.26,62.52,41.67,40.02,1,1,1,1,1,1,Calculated
day,2025-08-05,2025-08-05,2025-08-05,Tuesday,320,36.89,31.05,48.66,40.27,53.41,39.96,1,1,1,1,1,1,Calculated
day,2025-06-03,2025-06-03,2025-06-03,Tuesday,321,34.47,49.87,74.27,41.95,14.93,39.91,1,1,1,1,1,1,Calculated
day,2025-06-19,2025-06-19,2025-06-19,Thursday,322,41.85,35.42,57.93,29.18,39.76,39.84,1,1,1,1,1,1,Calculated
day,2025-01-05,2025-01-05,2025-01-05,Sunday,323,58.40,56.90,40.32,12.00,0.00,39.82,1,1,1,1,1,1,Calculated
day,2025-05-21,2025-05-21,2025-05-21,Wednesday,324,40.91,41.97,56.31,21.79,33.41,39.36,1,1,1,1,1,1,Calculated
day,2025-08-10,2025-08-10,2025-08-10,Sunday,325,30.48,18.60,56.43,75.86,56.98,39.35,1,1,1,1,1,1,Calculated
day,2025-06-20,2025-06-20,2025-06-20,Friday,326,26.94,48.33,52.77,15.61,49.49,39.32,1,1,1,1,1,1,Calculated
day,2025-05-28,2025-05-28,2025-05-28,Wednesday,327,45.49,38.09,37.20,42.03,31.50,39.30,1,1,1,1,1,1,Calculated
day,2025-06-09,2025-06-09,2025-06-09,Monday,328,28.12,33.47,56.20,16.40,67.52,39.24,1,1,1,1,1,1,Calculated
day,2025-07-16,2025-07-16,2025-07-16,Wednesday,329,36.83,43.94,49.71,19.45,40.38,39.22,1,1,1,1,1,1,Calculated
day,2025-06-22,2025-06-22,2025-06-22,Sunday,330,44.82,28.04,27.75,28.60,57.17,38.93,1,1,1,1,1,1,Calculated
day,2025-07-20,2025-07-20,2025-07-20,Sunday,331,37.64,28.14,43.01,48.39,50.11,38.90,1,1,1,1,1,1,Calculated
day,2025-07-11,2025-07-11,2025-07-11,Friday,332,35.89,33.50,41.65,60.08,38.56,38.70,1,1,1,1,1,1,Calculated
day,2025-08-17,2025-08-17,2025-08-17,Sunday,333,30.42,24.81,34.90,30.48,77.89,38.68,1,1,1,1,1,1,Calculated
day,2025-05-30,2025-05-30,2025-05-30,Friday,334,36.04,46.91,23.67,29.82,41.84,38.60,1,1,1,1,1,1,Calculated
day,2025-05-25,2025-05-25,2025-05-25,Sunday,335,40.44,30.01,73.54,48.24,25.63,38.44,1,1,1,1,1,1,Calculated
day,2025-09-28,2025-09-28,2025-09-28,Sunday,336,36.89,44.22,44.52,6.24,45.09,38.42,1,1,1,1,1,1,Calculated
day,2025-04-20,2025-04-20,2025-04-20,Sunday,337,27.87,27.89,63.06,71.17,40.63,38.28,1,1,1,1,1,1,Calculated
day,2025-06-01,2025-06-01,2025-06-01,Sunday,338,32.99,26.82,60.18,65.96,38.45,38.25,1,1,1,1,1,1,Calculated
day,2025-06-26,2025-06-26,2025-06-26,Thursday,339,36.49,29.23,62.77,29.93,46.24,38.24,1,1,1,1,1,1,Calculated
day,2025-07-01,2025-07-01,2025-07-01,Tuesday,340,31.94,28.27,57.58,42.65,49.39,37.96,1,1,1,1,1,1,Calculated
day,2025-06-05,2025-06-05,2025-06-05,Thursday,341,37.42,30.24,41.23,34.94,48.38,37.59,1,1,1,1,1,1,Calculated
day,2025-06-27,2025-06-27,2025-06-27,Friday,342,43.14,24.77,55.64,27.59,43.87,37.47,1,1,1,1,1,1,Calculated
day,2025-06-25,2025-06-25,2025-06-25,Wednesday,343,40.42,37.44,46.57,43.10,25.25,37.37,1,1,1,1,1,1,Calculated
day,2025-06-30,2025-06-30,2025-06-30,Monday,344,27.71,41.08,36.67,0.00,64.66,37.24,1,1,1,1,1,1,Calculated
day,2025-06-29,2025-06-29,2025-06-29,Sunday,345,32.57,18.19,44.25,75.57,48.64,36.94,1,1,1,1,1,1,Calculated
day,2025-08-29,2025-08-29,2025-08-29,Friday,346,32.80,47.18,43.38,30.46,27.36,36.85,1,1,1,1,1,1,Calculated
day,2025-06-17,2025-06-17,2025-06-17,Tuesday,347,47.04,10.66,59.67,25.79,52.90,36.43,1,1,1,1,1,1,Calculated
day,2025-08-03,2025-08-03,2025-08-03,Sunday,348,30.05,20.30,68.84,48.84,44.99,35.87,1,1,1,1,1,1,Calculated
day,2025-03-02,2025-03-02,2025-03-02,Sunday,349,51.39,30.80,63.73,12.12,16.62,35.57,1,1,1,1,1,1,Calculated
day,2025-06-08,2025-06-08,2025-06-08,Sunday,350,35.46,20.94,59.51,51.90,36.72,35.41,1,1,1,1,1,1,Calculated
day,2025-08-02,2025-08-02,2025-08-02,Saturday,351,27.16,42.94,47.02,30.52,32.80,35.34,1,1,1,1,1,1,Calculated
day,2025-07-27,2025-07-27,2025-07-27,Sunday,352,40.41,24.21,59.02,31.27,33.99,35.21,1,1,1,1,1,1,Calculated
day,2025-06-14,2025-06-14,2025-06-14,Saturday,353,23.94,18.89,75.54,53.33,46.14,34.97,1,1,1,1,1,1,Calculated
day,2025-05-01,2025-05-01,2025-05-01,Thursday,354,42.67,37.33,43.92,37.15,13.67,34.84,1,1,1,1,1,1,Calculated
day,2025-04-27,2025-04-27,2025-04-27,Sunday,355,22.64,24.28,52.41,48.82,51.47,34.49,1,1,1,1,1,1,Calculated
day,2025-09-20,2025-09-20,2025-09-20,Saturday,356,40.41,25.71,44.93,30.96,33.81,34.19,1,1,1,1,1,1,Calculated
day,2025-08-09,2025-08-09,2025-08-09,Saturday,357,34.25,35.50,34.19,59.05,19.18,34.09,1,1,1,1,1,1,Calculated
day,2025-05-15,2025-05-15,2025-05-15,Thursday,358,33.93,41.76,37.47,14.08,29.46,33.75,1,1,1,1,1,1,Calculated
day,2025-07-05,2025-07-05,2025-07-05,Saturday,359,44.92,15.30,58.53,13.01,42.11,33.64,1,1,1,1,1,1,Calculated
day,2025-06-24,2025-06-24,2025-06-24,Tuesday,360,38.19,32.09,64.66,39.94,8.98,33.34,1,1,1,1,1,1,Calculated
day,2025-05-24,2025-05-24,2025-05-24,Saturday,361,23.13,26.66,46.90,29.47,46.92,31.96,1,1,1,1,1,1,Calculated
day,2025-04-06,2025-04-06,2025-04-06,Sunday,362,38.54,21.48,36.54,61.83,14.78,30.80,1,1,1,1,1,1,Calculated
day,2025-08-30,2025-08-30,2025-08-30,Saturday,363,33.07,19.69,46.24,44.82,27.66,30.47,1,1,1,1,1,1,Calculated
day,2025-06-07,2025-06-07,2025-06-07,Saturday,364,35.03,0.00,45.63,62.70,44.59,30.26,1,1,1,1,1,1,Calculated
day,2025-05-10,2025-05-10,2025-05-10,Saturday,365,30.83,10.34,45.83,21.21,27.42,24.54,1,1,1,1,1,1,Calculated
